RANK,SEASON,TEAM,PLAYOFF_TEAM,G,MP,PER100_FG,PER100_FGA,PER100_FG%,PER100_3P,PER100_3PA,PER100_3P%,PER100_2P,PER100_2PA,PER100_2P%,PER100_FT,PER100_FTA,PER100_FT%,PER100_ORB,PER100_DRB,PER100_TRB,PER100_AST,PER100_STL,PER100_BLK,PER100_TOV,PER100_PF,PER100_PTS
1,2004-2005,Phoenix Suns,1,82,19780,42.4,88.8,0.47700000000000004,10.1,25.6,0.39299999999999996,32.3,63.1,0.512,19.7,26.3,0.748,12.2,33.5,45.8,24.4,7.2,5.7,14.2,19.8,114.5
2,2004-2005,Sacramento Kings,1,82,19855,41.6,90.7,0.45899999999999996,6.8,18.1,0.374,34.8,72.5,0.48,20.5,26.0,0.787,13.3,31.9,45.2,26.0,8.8,4.1,13.9,21.9,110.5
3,2004-2005,Dallas Mavericks,1,82,19730,40.1,87.8,0.457,6.1,16.7,0.364,34.0,71.1,0.479,24.0,30.4,0.789,13.0,33.2,46.2,21.1,9.3,6.0,14.5,24.0,110.3
4,2004-2005,Miami Heat,1,82,19980,41.0,84.3,0.486,6.3,16.7,0.377,34.7,67.6,0.513,21.9,32.6,0.672,11.7,34.9,46.7,23.7,7.0,6.3,14.9,24.0,110.2
5,2004-2005,Boston Celtics,1,82,19880,39.4,84.3,0.46799999999999997,5.7,16.2,0.349,33.8,68.1,0.496,23.0,30.1,0.764,11.8,31.6,43.3,23.4,8.6,5.5,16.8,25.9,107.5
6,2004-2005,Washington Wizards,1,82,19780,38.6,88.4,0.43700000000000006,6.7,19.5,0.34299999999999997,31.9,68.9,0.46299999999999997,23.3,32.2,0.725,14.7,30.9,45.6,20.3,9.3,4.5,15.2,23.5,107.2
7,2004-2005,Toronto Raptors,0,82,19805,38.6,87.0,0.444,8.5,22.0,0.385,30.1,65.0,0.46299999999999997,21.3,27.5,0.774,11.0,32.0,43.0,21.8,8.1,4.1,14.2,24.5,106.9
8,2004-2005,Denver Nuggets,1,82,19755,39.5,85.9,0.45899999999999996,4.2,12.2,0.34,35.3,73.7,0.479,22.9,30.0,0.763,12.6,32.1,44.7,25.4,9.7,6.4,15.9,24.4,106.0
9,2004-2005,Orlando Magic,0,82,19705,39.0,85.9,0.45399999999999996,4.1,11.8,0.349,34.9,74.1,0.47100000000000003,22.8,30.0,0.759,13.3,32.7,46.1,20.4,8.1,5.7,17.0,24.9,104.9
10,2004-2005,Philadelphia 76ers,1,82,19855,37.5,85.8,0.43700000000000006,6.4,18.5,0.348,31.1,67.3,0.462,22.0,27.9,0.789,11.6,32.3,43.9,21.8,9.6,4.1,16.2,23.9,103.5
11,2004-2005,Seattle SuperSonics,1,82,19755,39.8,89.8,0.444,9.2,25.2,0.365,30.6,64.6,0.474,23.3,29.5,0.79,14.4,31.9,46.3,20.6,7.6,4.7,15.4,26.9,112.2
12,2004-2005,Los Angeles Lakers,0,82,19780,38.7,88.6,0.43700000000000006,8.6,24.2,0.355,30.1,64.3,0.467,22.2,28.5,0.777,13.7,33.5,47.3,22.3,6.8,4.6,15.7,24.0,108.1
13,2004-2005,Golden State Warriors,0,82,19905,39.2,91.0,0.43,8.1,22.9,0.35200000000000004,31.1,68.1,0.457,18.3,25.3,0.722,13.8,31.5,45.3,23.4,8.3,5.4,14.4,23.7,104.7
14,2004-2005,New York Knicks,0,82,19880,39.7,87.9,0.451,5.9,16.5,0.35600000000000004,33.8,71.4,0.473,21.0,27.4,0.767,12.8,31.9,44.7,22.2,8.4,3.5,16.0,25.9,106.2
15,2004-2005,Milwaukee Bucks,0,82,19780,39.6,87.9,0.45,4.3,12.4,0.35100000000000003,35.3,75.6,0.467,23.0,29.8,0.772,13.2,32.1,45.3,23.0,7.1,3.9,15.1,24.0,106.6
16,2004-2005,Minnesota Timberwolves,0,82,19755,41.5,90.4,0.45899999999999996,5.4,15.6,0.345,36.1,74.8,0.483,19.8,24.8,0.7959999999999999,12.9,35.2,48.1,26.2,6.3,6.1,14.7,24.2,108.2
17,2004-2005,Cleveland Cavaliers,0,82,19855,40.3,90.1,0.447,4.0,12.2,0.332,36.2,77.9,0.465,22.0,29.3,0.752,15.0,31.7,46.7,24.9,8.8,6.2,15.4,24.9,106.6
18,2004-2005,San Antonio Spurs,1,82,19805,39.8,87.9,0.45299999999999996,6.9,19.0,0.363,32.9,68.9,0.478,20.9,28.9,0.7240000000000001,13.5,33.9,47.4,24.1,8.4,7.4,15.3,23.4,107.5
19,2004-2005,Los Angeles Clippers,0,82,20030,39.3,85.6,0.45899999999999996,3.1,9.0,0.345,36.2,76.6,0.473,23.8,30.6,0.778,13.2,33.0,46.2,25.6,8.1,5.7,17.3,24.5,105.5
20,2004-2005,Houston Rockets,1,82,19855,38.8,87.4,0.44299999999999995,7.5,20.7,0.364,31.2,66.7,0.46799999999999997,21.1,27.0,0.7809999999999999,11.9,35.4,47.3,23.6,7.7,5.1,15.5,24.6,106.2
21,2004-2005,Chicago Bulls,1,82,19830,37.3,86.3,0.43200000000000005,6.7,18.8,0.35700000000000004,30.6,67.5,0.45299999999999996,20.1,26.8,0.75,13.1,33.9,47.0,22.8,7.5,4.8,17.9,26.6,101.4
22,2004-2005,Charlotte Bobcats,0,82,19880,38.7,89.7,0.43200000000000005,4.2,11.5,0.363,34.6,78.2,0.442,19.5,27.4,0.7090000000000001,14.2,30.6,44.7,23.5,9.1,5.8,15.6,24.8,101.1
23,2004-2005,Memphis Grizzlies,1,82,19705,38.6,86.3,0.447,7.3,20.5,0.35700000000000004,31.3,65.9,0.475,21.0,27.9,0.754,12.2,31.8,44.0,23.6,9.6,6.6,16.5,26.3,105.5
24,2004-2005,Detroit Pistons,1,82,19955,39.3,88.6,0.444,5.0,14.5,0.345,34.3,74.1,0.46299999999999997,21.9,29.7,0.7390000000000001,14.5,34.6,49.1,24.7,7.9,6.9,15.6,22.6,105.6
25,2004-2005,Indiana Pacers,1,82,19905,36.9,85.3,0.43200000000000005,7.5,21.8,0.344,29.4,63.5,0.46299999999999997,24.2,30.5,0.792,12.0,33.4,45.4,20.6,8.5,4.9,16.2,26.1,105.5
26,2004-2005,Utah Jazz,0,82,19780,38.8,86.5,0.449,3.4,10.5,0.32799999999999996,35.4,76.1,0.465,23.6,31.2,0.757,14.4,30.8,45.2,25.1,7.4,5.1,17.7,30.1,104.7
27,2004-2005,Portland Trail Blazers,0,82,19730,39.2,87.0,0.451,5.7,15.7,0.36200000000000004,33.5,71.3,0.47100000000000003,19.1,26.3,0.725,13.1,32.6,45.7,23.3,7.9,7.4,17.7,23.1,103.2
28,2004-2005,Atlanta Hawks,0,82,19855,38.9,88.2,0.441,4.0,12.9,0.312,34.9,75.4,0.46299999999999997,18.7,26.4,0.711,14.5,30.9,45.4,21.3,8.3,4.5,17.4,26.6,100.6
29,2004-2005,New Jersey Nets,1,82,19905,37.3,86.9,0.429,5.9,16.3,0.36200000000000004,31.4,70.6,0.444,21.0,27.6,0.763,11.6,32.3,43.9,24.0,8.8,4.2,15.8,26.9,101.4
30,2004-2005,New Orleans Hornets,0,82,19930,37.4,90.2,0.415,5.7,18.1,0.315,31.7,72.1,0.44,19.3,25.2,0.7659999999999999,14.0,31.4,45.4,23.7,7.6,4.3,16.7,25.9,99.7
1,2005-2006,Phoenix Suns,1,82,19955,43.0,90.0,0.479,10.5,26.3,0.39899999999999997,32.5,63.6,0.511,14.9,18.5,0.8059999999999999,9.8,33.3,43.0,27.3,6.9,5.2,13.7,21.1,111.5
2,2005-2006,Seattle SuperSonics,0,82,19830,40.6,88.6,0.45899999999999996,8.0,21.5,0.371,32.6,67.1,0.48700000000000004,21.8,27.8,0.785,13.4,29.5,42.9,22.4,8.2,4.0,16.0,25.5,111.1
3,2005-2006,Washington Wizards,1,82,19830,39.0,87.3,0.447,6.5,18.3,0.35700000000000004,32.5,69.0,0.47100000000000003,24.8,32.7,0.757,13.6,30.7,44.3,20.0,8.6,4.4,15.0,24.3,109.3
4,2005-2006,Toronto Raptors,0,82,19955,39.8,87.7,0.45399999999999996,8.0,21.4,0.375,31.8,66.3,0.479,21.8,27.6,0.7909999999999999,11.4,30.3,41.7,21.0,7.0,3.6,14.1,26.0,109.5
5,2005-2006,Denver Nuggets,1,82,19930,39.5,85.5,0.461,4.5,13.8,0.325,35.0,71.7,0.48700000000000004,22.1,29.6,0.7440000000000001,11.6,31.9,43.4,24.6,8.9,5.9,15.6,23.9,105.5
6,2005-2006,Miami Heat,1,82,19755,40.3,84.3,0.478,6.6,19.1,0.345,33.7,65.2,0.517,21.4,30.6,0.7,11.4,35.5,46.9,22.4,6.9,5.9,15.7,24.8,108.7
7,2005-2006,Los Angeles Lakers,1,82,19855,39.8,87.9,0.45299999999999996,7.3,21.0,0.349,32.4,66.8,0.486,21.5,28.9,0.745,12.9,33.1,46.0,23.1,8.4,4.7,15.2,25.2,108.4
8,2005-2006,Philadelphia 76ers,0,82,19905,39.0,85.2,0.45799999999999996,4.9,13.4,0.364,34.2,71.7,0.47600000000000003,23.0,30.3,0.76,11.4,31.5,42.9,21.5,8.5,5.3,15.1,22.3,106.0
9,2005-2006,Dallas Mavericks,1,82,19880,40.6,87.7,0.462,5.7,15.3,0.374,34.8,72.4,0.48100000000000004,25.0,31.9,0.7829999999999999,14.2,33.4,47.6,20.3,8.2,6.7,15.3,25.2,111.8
10,2005-2006,Sacramento Kings,1,82,19830,38.9,85.6,0.45399999999999996,6.5,18.5,0.35100000000000003,32.4,67.0,0.483,22.4,28.6,0.784,11.2,32.6,43.8,24.0,8.0,3.9,15.8,22.0,106.7
11,2005-2006,Golden State Warriors,0,82,19830,38.1,88.0,0.433,8.1,23.8,0.341,30.0,64.3,0.467,20.4,28.4,0.718,12.7,32.2,45.0,22.0,7.8,4.6,15.0,25.2,104.8
12,2005-2006,Boston Celtics,0,82,19880,38.6,82.8,0.467,6.1,16.9,0.36200000000000004,32.5,65.9,0.494,21.8,28.9,0.755,10.6,31.9,42.5,22.5,7.6,5.5,17.8,26.6,105.2
13,2005-2006,Milwaukee Bucks,1,82,19855,39.4,87.0,0.45299999999999996,6.7,17.7,0.38,32.7,69.3,0.47200000000000003,20.7,28.0,0.738,12.3,32.4,44.7,23.4,7.9,3.6,15.9,25.2,106.3
14,2005-2006,Chicago Bulls,1,82,19905,39.0,87.4,0.446,7.3,19.2,0.379,31.7,68.2,0.465,18.8,25.5,0.738,11.8,33.8,45.5,23.4,6.6,4.5,15.9,26.4,104.0
15,2005-2006,Cleveland Cavaliers,1,82,19830,39.2,86.4,0.45399999999999996,6.7,19.7,0.33899999999999997,32.5,66.7,0.48700000000000004,22.8,31.2,0.7290000000000001,12.9,33.8,46.8,21.0,7.6,5.3,15.3,23.4,107.8
16,2005-2006,Atlanta Hawks,0,82,19880,39.3,86.7,0.45399999999999996,5.7,15.4,0.36700000000000005,33.7,71.3,0.47200000000000003,22.1,29.5,0.75,14.3,29.8,44.1,21.7,7.8,5.3,17.1,27.4,106.4
17,2005-2006,Los Angeles Clippers,1,82,19805,39.5,85.1,0.465,3.8,11.1,0.344,35.7,74.0,0.483,22.4,28.3,0.7909999999999999,10.9,35.7,46.7,22.6,7.1,6.6,15.7,24.7,105.3
18,2005-2006,Charlotte Bobcats,0,82,19905,38.2,88.3,0.433,5.5,16.3,0.33899999999999997,32.7,72.0,0.45399999999999996,20.6,28.2,0.7290000000000001,12.8,29.3,42.1,22.2,10.6,4.6,15.1,25.3,102.5
19,2005-2006,Detroit Pistons,1,82,19830,41.6,91.5,0.455,7.8,20.2,0.384,33.8,71.2,0.475,19.8,27.2,0.727,13.6,32.7,46.3,27.5,8.1,6.8,13.0,21.1,110.8
20,2005-2006,New York Knicks,0,82,19930,37.4,82.3,0.455,4.2,11.7,0.36200000000000004,33.2,70.6,0.47,24.9,34.3,0.726,13.7,31.3,45.0,19.5,7.4,3.6,19.2,28.6,104.0
21,2005-2006,San Antonio Spurs,1,82,19805,41.0,86.8,0.47200000000000003,7.2,18.6,0.385,33.8,68.2,0.496,18.2,25.9,0.7020000000000001,11.7,34.9,46.5,23.5,7.4,6.4,15.4,23.5,107.3
22,2005-2006,Orlando Magic,0,82,19905,39.7,84.2,0.47200000000000003,4.1,10.9,0.376,35.7,73.3,0.486,22.7,31.1,0.73,12.2,32.8,45.0,20.4,7.3,4.9,16.9,26.1,106.3
23,2005-2006,Indiana Pacers,1,82,19730,37.8,85.1,0.444,7.3,20.8,0.349,30.5,64.3,0.475,21.6,29.3,0.737,12.2,34.7,46.9,22.1,8.1,5.5,17.0,24.7,104.5
24,2005-2006,New Jersey Nets,1,82,19780,37.5,85.3,0.44,6.4,19.5,0.33,31.1,65.8,0.47200000000000003,22.4,29.5,0.758,11.1,34.3,45.4,25.4,7.5,3.8,15.1,25.7,103.9
25,2005-2006,New Orleans/Oklahoma City Hornets,0,82,19805,38.6,87.6,0.44,4.1,12.1,0.33899999999999997,34.5,75.5,0.457,22.5,29.6,0.758,12.5,32.4,44.9,20.7,8.3,4.2,14.9,24.3,103.7
26,2005-2006,Utah Jazz,0,82,19880,37.7,85.3,0.442,4.3,12.7,0.336,33.4,72.6,0.461,24.4,33.9,0.7190000000000001,14.7,32.7,47.4,24.4,7.2,6.8,17.7,27.9,104.1
27,2005-2006,Memphis Grizzlies,1,82,19855,38.5,85.8,0.44799999999999995,8.3,22.1,0.374,30.2,63.7,0.474,20.7,29.1,0.711,11.7,33.3,45.0,22.2,8.4,6.2,15.9,24.6,105.9
28,2005-2006,Minnesota Timberwolves,0,82,19855,39.3,86.3,0.456,4.2,12.8,0.32899999999999996,35.1,73.5,0.478,19.6,25.8,0.758,11.0,33.0,44.0,23.4,7.6,6.4,16.2,25.7,102.4
29,2005-2006,Houston Rockets,0,82,19830,37.2,86.0,0.433,6.4,19.4,0.332,30.8,66.5,0.46299999999999997,20.6,27.2,0.759,11.7,35.3,46.9,21.7,8.1,4.4,16.4,25.6,101.6
30,2005-2006,Portland Trail Blazers,0,82,19730,38.7,87.0,0.445,5.1,14.5,0.349,33.7,72.5,0.46399999999999997,18.6,27.0,0.6890000000000001,12.3,30.6,42.9,20.7,7.3,6.0,16.7,25.4,101.1
1,2006-2007,Phoenix Suns,1,82,19905,42.7,86.4,0.494,9.9,24.8,0.39899999999999997,32.8,61.6,0.532,18.6,23.0,0.8079999999999999,9.3,32.6,41.9,26.8,7.0,5.0,15.0,20.9,113.9
2,2006-2007,Golden State Warriors,1,82,19755,40.0,86.4,0.46299999999999997,8.6,24.1,0.35600000000000004,31.4,62.3,0.504,18.6,25.9,0.7170000000000001,11.5,30.1,41.6,23.9,9.2,5.7,16.0,23.7,107.0
3,2006-2007,Denver Nuggets,1,82,19780,39.4,84.7,0.465,6.0,17.9,0.336,33.4,66.8,0.5,22.7,30.5,0.746,12.5,31.9,44.3,23.9,8.4,5.4,16.8,21.9,107.6
4,2006-2007,Washington Wizards,1,82,19830,39.5,87.7,0.45,7.2,20.8,0.348,32.3,67.0,0.48200000000000004,23.9,31.2,0.765,12.8,30.6,43.4,21.4,8.2,4.8,14.6,23.5,110.1
5,2006-2007,Los Angeles Lakers,1,82,20030,39.7,85.4,0.466,7.8,22.1,0.353,32.0,63.3,0.505,21.3,28.5,0.747,11.3,32.0,43.3,23.7,7.7,5.4,16.3,24.2,108.6
6,2006-2007,Memphis Grizzlies,0,82,19980,38.5,82.7,0.465,6.4,17.5,0.36700000000000005,32.1,65.3,0.491,23.5,30.9,0.7609999999999999,11.1,30.5,41.6,21.6,7.2,5.2,17.2,23.4,106.9
7,2006-2007,Utah Jazz,1,82,19805,40.6,85.6,0.474,4.7,14.0,0.335,35.9,71.6,0.501,24.2,32.6,0.743,13.6,32.5,46.1,26.8,7.6,4.5,16.9,27.3,110.1
8,2006-2007,Sacramento Kings,0,82,19805,37.6,83.5,0.45,6.8,19.3,0.35,30.8,64.2,0.48,24.2,31.6,0.765,10.2,30.6,40.8,21.3,8.6,3.4,15.3,22.9,106.2
9,2006-2007,Dallas Mavericks,1,82,19755,40.8,87.4,0.467,7.3,19.1,0.381,33.6,68.4,0.491,22.3,27.7,0.805,12.5,34.1,46.6,22.1,7.6,5.5,15.5,24.9,111.3
10,2006-2007,Milwaukee Bucks,0,82,19855,40.9,87.9,0.465,6.9,19.3,0.35600000000000004,34.0,68.6,0.495,18.4,25.1,0.733,12.3,29.7,42.1,23.2,7.7,2.9,16.2,23.8,107.0
11,2006-2007,Toronto Raptors,1,82,19755,39.8,85.9,0.46299999999999997,7.0,19.2,0.363,32.8,66.7,0.49200000000000005,20.5,26.0,0.7879999999999999,9.9,32.5,42.5,23.9,7.6,4.2,14.5,21.9,107.0
12,2006-2007,Seattle SuperSonics,0,82,19830,40.2,87.4,0.46,6.9,19.1,0.36200000000000004,33.2,68.2,0.48700000000000004,19.9,25.2,0.7909999999999999,12.2,30.6,42.8,22.3,8.3,4.0,16.7,23.7,107.2
13,2006-2007,Chicago Bulls,1,82,19780,39.5,86.3,0.457,6.2,16.0,0.38799999999999996,33.2,70.3,0.473,19.8,27.0,0.7340000000000001,12.7,33.6,46.4,23.7,8.3,5.8,17.0,24.7,104.9
14,2006-2007,San Antonio Spurs,1,82,19780,40.5,85.5,0.474,8.0,21.1,0.381,32.5,64.4,0.504,20.1,26.8,0.7509999999999999,10.3,34.8,45.1,24.5,7.9,5.6,15.4,21.5,109.2
15,2006-2007,New Jersey Nets,1,82,19880,38.5,84.3,0.457,8.0,22.1,0.363,30.4,62.1,0.49,20.7,28.5,0.727,10.9,33.4,44.2,25.9,6.6,3.6,16.0,24.7,105.7
16,2006-2007,New York Knicks,0,82,20005,38.4,84.0,0.457,6.3,18.1,0.34600000000000003,32.1,65.9,0.48700000000000004,22.7,31.7,0.715,13.6,33.3,46.9,20.3,7.2,3.4,18.6,25.5,105.7
17,2006-2007,Houston Rockets,1,82,19855,38.7,87.0,0.445,9.4,25.2,0.37200000000000005,29.3,61.8,0.475,19.1,25.4,0.753,11.7,35.6,47.3,22.7,7.8,4.5,15.5,22.8,106.0
18,2006-2007,Charlotte Bobcats,0,82,20005,38.6,86.6,0.446,6.0,16.7,0.35700000000000004,32.6,69.9,0.467,20.4,27.8,0.7340000000000001,12.0,30.6,42.6,23.9,8.3,4.8,16.0,25.9,103.6
19,2006-2007,Cleveland Cavaliers,1,82,19880,39.6,88.5,0.447,6.6,18.7,0.35200000000000004,33.0,69.9,0.473,19.7,28.4,0.696,13.8,33.6,47.4,22.7,8.3,4.7,15.6,23.7,105.5
20,2006-2007,Minnesota Timberwolves,0,82,20005,39.5,85.8,0.461,5.1,14.4,0.353,34.5,71.4,0.483,19.8,25.0,0.792,10.8,32.6,43.4,24.4,7.0,4.3,16.9,23.2,103.9
21,2006-2007,Detroit Pistons,1,82,19880,40.7,89.7,0.45399999999999996,6.2,18.1,0.344,34.5,71.6,0.48100000000000004,21.3,27.5,0.774,13.1,32.8,46.0,24.5,8.1,6.5,13.8,23.1,108.9
22,2006-2007,Boston Celtics,0,82,19855,37.5,84.8,0.44299999999999995,6.2,16.9,0.36700000000000005,31.4,67.9,0.462,21.9,28.6,0.767,12.1,31.4,43.5,21.4,7.7,5.0,17.7,25.9,103.2
23,2006-2007,Los Angeles Clippers,0,82,19730,38.6,84.7,0.456,4.2,12.1,0.348,34.4,72.6,0.474,23.7,30.1,0.7879999999999999,11.9,33.3,45.2,23.6,8.0,6.3,16.6,24.9,105.1
24,2006-2007,Indiana Pacers,0,82,19780,37.7,86.1,0.43799999999999994,6.3,18.2,0.34600000000000003,31.4,67.9,0.462,21.2,27.9,0.76,13.0,32.0,45.0,22.0,7.9,5.9,17.5,25.1,102.9
25,2006-2007,New Orleans/Oklahoma City Hornets,0,82,19880,39.8,89.3,0.445,6.1,16.8,0.36200000000000004,33.7,72.5,0.46399999999999997,19.2,26.0,0.74,13.7,33.6,47.3,20.6,7.0,4.6,15.9,21.7,104.8
26,2006-2007,Philadelphia 76ers,0,82,19880,39.0,85.3,0.45799999999999996,3.8,11.0,0.345,35.2,74.3,0.474,21.8,28.4,0.767,12.0,31.3,43.3,22.2,7.9,5.2,16.7,22.2,103.6
27,2006-2007,Orlando Magic,1,82,19780,38.8,82.2,0.47200000000000003,4.6,13.0,0.35600000000000004,34.2,69.2,0.494,22.7,32.3,0.7020000000000001,12.4,32.7,45.1,20.6,7.6,5.6,18.8,25.7,104.9
28,2006-2007,Miami Heat,1,82,19855,39.2,84.5,0.46399999999999997,7.1,20.7,0.34299999999999997,32.1,63.8,0.503,18.7,27.1,0.69,11.0,33.9,44.9,22.6,7.6,5.9,16.1,23.5,104.3
29,2006-2007,Portland Trail Blazers,0,82,19955,39.1,87.0,0.45,5.8,16.8,0.34600000000000003,33.3,70.3,0.474,21.0,27.3,0.769,12.6,31.3,43.9,20.6,7.6,5.2,16.8,26.3,105.1
30,2006-2007,Atlanta Hawks,0,82,19880,38.0,85.5,0.444,4.6,13.9,0.32899999999999996,33.4,71.6,0.467,22.5,29.6,0.7609999999999999,13.1,31.0,44.1,21.1,8.2,6.0,17.5,26.4,103.0
1,2007-2008,Golden State Warriors,0,82,19780,41.8,90.9,0.45899999999999996,9.3,26.8,0.348,32.4,64.1,0.506,18.9,25.1,0.752,12.8,30.6,43.5,22.5,9.1,4.6,13.3,23.0,111.8
2,2007-2008,Denver Nuggets,1,82,19855,40.1,85.3,0.47,6.9,19.4,0.355,33.2,65.8,0.504,22.9,30.5,0.7509999999999999,11.1,32.7,43.8,24.5,9.1,6.7,14.6,21.0,110.0
3,2007-2008,Phoenix Suns,1,82,19780,42.6,85.1,0.5,8.7,22.1,0.39299999999999996,33.9,63.0,0.5379999999999999,19.4,24.8,0.7829999999999999,9.0,33.7,42.7,27.5,6.7,6.5,14.9,20.5,113.3
4,2007-2008,Los Angeles Lakers,1,82,19780,41.2,86.5,0.47600000000000003,8.4,22.2,0.37799999999999995,32.8,64.3,0.51,22.2,28.8,0.769,11.4,34.6,45.9,25.4,8.3,5.6,14.7,21.5,113.0
5,2007-2008,Utah Jazz,1,82,19705,42.9,86.1,0.49700000000000005,5.3,14.3,0.37200000000000005,37.5,71.8,0.522,22.8,30.0,0.759,12.3,31.5,43.8,28.3,9.4,4.6,15.7,25.7,113.8
6,2007-2008,Orlando Magic,1,82,19780,39.7,83.8,0.474,10.4,27.0,0.386,29.3,56.8,0.516,21.4,29.7,0.721,10.0,34.8,44.8,22.2,6.8,4.3,15.2,21.9,111.3
7,2007-2008,Indiana Pacers,0,82,19755,38.6,87.0,0.444,9.4,25.1,0.374,29.2,61.8,0.47200000000000003,19.5,25.4,0.768,11.2,32.7,44.0,23.2,7.7,5.1,15.4,23.9,106.0
8,2007-2008,Sacramento Kings,0,82,19830,38.9,83.8,0.46399999999999997,6.5,17.5,0.373,32.4,66.4,0.488,23.2,29.0,0.7979999999999999,10.6,31.4,42.0,20.0,8.3,4.3,16.8,23.5,107.5
9,2007-2008,New Orleans Hornets,1,82,19805,42.7,91.6,0.466,8.5,21.9,0.389,34.2,69.8,0.49,17.7,23.0,0.769,12.6,33.6,46.3,24.1,8.6,4.3,13.1,20.6,111.5
10,2007-2008,Memphis Grizzlies,0,82,19805,38.9,85.7,0.45399999999999996,7.9,22.6,0.349,31.0,63.0,0.49200000000000005,19.3,26.7,0.723,10.8,32.6,43.4,20.0,6.4,4.9,15.9,20.2,105.0
11,2007-2008,Boston Celtics,1,82,19755,39.9,84.0,0.475,8.0,20.9,0.381,31.9,63.1,0.506,22.4,29.1,0.7709999999999999,11.1,34.9,46.0,24.5,9.3,5.1,16.6,24.9,110.2
12,2007-2008,Dallas Mavericks,1,82,19730,40.8,87.9,0.46399999999999997,6.7,18.9,0.35200000000000004,34.1,69.0,0.495,22.8,28.0,0.8140000000000001,11.9,35.7,47.6,23.2,6.6,5.4,14.0,24.1,111.1
13,2007-2008,Toronto Raptors,1,82,19830,42.2,90.2,0.46799999999999997,7.7,19.6,0.392,34.6,70.6,0.489,18.1,22.2,0.812,10.6,33.5,44.1,26.2,7.6,4.5,12.9,21.4,110.2
14,2007-2008,Washington Wizards,1,82,19905,40.2,90.2,0.446,7.8,21.8,0.35600000000000004,32.5,68.5,0.475,21.0,26.8,0.782,13.6,32.4,46.0,21.7,8.5,5.3,14.6,21.6,109.2
15,2007-2008,Atlanta Hawks,1,82,19855,39.5,87.0,0.45399999999999996,5.1,14.3,0.35600000000000004,34.4,72.7,0.473,22.8,29.6,0.772,13.4,32.6,46.0,23.9,8.0,5.9,16.2,22.2,106.9
16,2007-2008,Seattle SuperSonics,0,82,19830,39.3,88.3,0.444,3.9,11.8,0.33299999999999996,35.3,76.5,0.462,18.0,23.4,0.77,12.2,33.8,46.0,22.0,6.7,5.0,16.5,21.1,100.5
17,2007-2008,Detroit Pistons,1,82,19730,41.8,91.3,0.45799999999999996,6.8,18.5,0.366,35.0,72.7,0.48100000000000004,21.0,27.4,0.767,13.6,33.8,47.3,25.5,8.1,6.6,13.3,23.5,111.4
18,2007-2008,Chicago Bulls,0,82,19805,38.9,89.4,0.435,6.2,17.0,0.363,32.7,72.4,0.452,20.0,26.4,0.7559999999999999,13.7,32.3,45.9,23.6,8.3,5.6,15.6,23.2,103.9
19,2007-2008,Charlotte Bobcats,0,82,19880,38.9,86.2,0.452,7.0,19.0,0.36700000000000005,32.0,67.2,0.47600000000000003,19.9,27.8,0.7140000000000001,11.7,32.1,43.8,23.0,8.1,5.3,15.8,23.4,104.6
20,2007-2008,Milwaukee Bucks,0,82,19855,40.0,89.3,0.449,6.0,17.4,0.344,34.1,71.9,0.474,19.2,26.2,0.733,14.0,31.3,45.2,23.3,7.2,4.8,16.0,23.1,105.3
21,2007-2008,New York Knicks,0,82,19880,39.1,89.0,0.439,6.5,19.2,0.337,32.6,69.9,0.467,20.1,27.6,0.727,13.6,32.4,45.9,20.2,6.9,2.8,15.6,23.2,104.7
22,2007-2008,Houston Rockets,1,82,19730,40.4,90.2,0.44799999999999995,7.8,23.0,0.342,32.6,67.2,0.485,18.1,24.9,0.726,13.5,35.8,49.3,23.7,8.1,5.7,15.1,21.7,106.8
23,2007-2008,Philadelphia 76ers,1,82,19755,41.1,89.3,0.46,4.1,12.8,0.317,37.0,76.5,0.483,20.3,28.7,0.706,14.3,31.8,46.2,22.5,9.6,5.4,15.7,21.8,106.4
24,2007-2008,Cleveland Cavaliers,1,82,19855,39.4,89.8,0.439,7.4,20.7,0.358,32.0,69.1,0.46299999999999997,19.8,27.6,0.7170000000000001,14.6,34.4,49.0,22.0,7.8,5.7,15.4,23.0,106.0
25,2007-2008,New Jersey Nets,0,82,19830,37.8,85.3,0.44299999999999995,6.6,18.9,0.348,31.2,66.4,0.47,21.8,29.6,0.736,12.1,33.3,45.4,25.5,6.9,5.2,16.3,24.5,104.0
26,2007-2008,Minnesota Timberwolves,0,82,19730,40.7,90.3,0.451,5.8,16.7,0.35,34.9,73.6,0.474,16.5,22.4,0.736,12.8,32.1,44.9,21.6,8.2,4.1,15.7,25.0,103.8
27,2007-2008,San Antonio Spurs,1,82,19730,40.3,88.0,0.457,8.1,22.1,0.369,32.1,66.0,0.48700000000000004,18.5,24.3,0.7609999999999999,10.6,35.8,46.4,23.5,7.1,4.6,14.2,21.1,107.2
28,2007-2008,Portland Trail Blazers,0,82,19905,40.3,89.8,0.44799999999999995,7.4,19.6,0.377,32.9,70.2,0.46799999999999997,19.4,25.3,0.767,12.4,33.4,45.8,23.8,6.2,4.9,14.5,22.5,107.3
29,2007-2008,Los Angeles Clippers,0,82,19805,37.1,84.8,0.43799999999999994,4.6,14.2,0.324,32.5,70.6,0.46,22.4,28.7,0.7809999999999999,10.5,32.8,43.3,22.8,7.3,5.2,15.5,23.0,101.2
30,2007-2008,Miami Heat,0,82,19830,37.7,85.0,0.44299999999999995,6.6,18.4,0.358,31.1,66.6,0.467,18.6,25.5,0.727,10.0,31.4,41.4,22.0,7.9,4.8,16.1,22.4,100.5
1,2008-2009,Phoenix Suns,0,82,19755,42.7,84.7,0.504,7.0,18.3,0.38299999999999995,35.7,66.5,0.537,21.2,28.5,0.7440000000000001,11.4,31.9,43.3,24.1,7.5,5.3,16.3,21.4,113.6
2,2008-2009,Golden State Warriors,0,82,19880,39.7,86.8,0.45799999999999996,6.8,18.1,0.373,33.0,68.6,0.48,23.3,29.4,0.7909999999999999,11.7,30.6,42.4,21.0,7.8,6.5,14.8,22.7,109.5
3,2008-2009,Los Angeles Lakers,1,82,19780,42.6,89.8,0.474,7.0,19.5,0.361,35.5,70.3,0.505,20.7,26.9,0.77,13.1,33.3,46.3,24.5,9.2,5.4,14.2,21.8,112.8
4,2008-2009,New York Knicks,0,82,19805,39.6,88.9,0.445,10.3,28.6,0.36,29.3,60.2,0.486,18.7,23.8,0.784,11.4,31.9,43.3,21.8,7.6,2.6,14.7,21.0,108.1
5,2008-2009,Indiana Pacers,0,82,19830,40.4,88.8,0.455,8.2,21.6,0.37799999999999995,32.2,67.2,0.48,19.1,23.7,0.807,11.6,33.4,45.0,22.3,7.2,5.4,14.9,23.8,108.1
6,2008-2009,Denver Nuggets,1,82,19730,39.5,84.0,0.47,7.1,19.1,0.371,32.4,64.9,0.499,24.4,32.1,0.76,11.7,32.4,44.0,23.5,9.2,6.3,16.2,24.2,110.4
7,2008-2009,Utah Jazz,1,82,19880,40.7,85.8,0.475,5.1,14.5,0.349,35.7,71.3,0.5,23.5,30.5,0.7709999999999999,12.2,31.4,43.6,26.2,9.3,4.8,15.7,23.7,110.1
8,2008-2009,Chicago Bulls,1,82,19930,40.4,88.6,0.457,6.4,16.7,0.381,34.1,71.9,0.474,21.1,26.6,0.7959999999999999,12.6,32.1,44.7,22.4,8.0,5.9,15.4,22.1,108.4
9,2008-2009,Dallas Mavericks,1,82,19805,41.4,89.7,0.462,7.6,21.6,0.35,33.9,68.1,0.498,20.1,24.5,0.8190000000000001,12.0,34.4,46.4,23.6,7.8,5.7,13.8,21.2,110.5
10,2008-2009,Orlando Magic,1,82,19730,38.6,84.5,0.457,10.8,28.3,0.381,27.8,56.2,0.495,21.2,29.7,0.715,10.8,35.9,46.7,21.0,7.5,5.8,15.0,21.9,109.2
11,2008-2009,Boston Celtics,1,82,19880,41.1,84.6,0.486,7.2,18.1,0.397,33.9,66.5,0.51,21.2,27.7,0.765,11.6,34.5,46.1,24.9,8.3,5.2,17.1,25.3,110.5
12,2008-2009,Sacramento Kings,0,82,19905,38.3,85.5,0.447,7.5,20.4,0.368,30.8,65.1,0.47200000000000003,21.5,27.0,0.7979999999999999,10.7,30.3,41.0,20.7,7.3,4.5,16.2,24.4,105.5
13,2008-2009,Cleveland Cavaliers,1,82,19780,41.3,88.3,0.46799999999999997,9.0,22.8,0.39299999999999996,32.4,65.4,0.495,20.8,27.5,0.757,12.1,35.2,47.3,22.7,8.1,5.9,14.3,22.7,112.4
14,2008-2009,Portland Trail Blazers,1,82,19830,42.2,90.7,0.465,8.3,21.7,0.38299999999999995,33.8,69.0,0.49,21.2,27.8,0.765,14.8,33.0,47.8,23.3,7.7,5.6,14.7,23.3,113.9
15,2008-2009,Milwaukee Bucks,0,82,19780,39.4,88.5,0.445,6.7,18.5,0.363,32.7,70.1,0.467,21.1,27.1,0.78,12.8,31.0,43.8,23.6,8.0,4.0,15.1,26.0,106.7
16,2008-2009,Toronto Raptors,0,82,19805,40.2,87.9,0.45799999999999996,6.3,17.0,0.37200000000000005,33.9,70.9,0.478,20.2,24.5,0.8240000000000001,10.6,33.1,43.7,24.2,6.9,5.1,14.5,21.0,107.0
17,2008-2009,Houston Rockets,1,82,19805,39.8,87.7,0.45299999999999996,8.3,22.2,0.375,31.4,65.4,0.48,20.6,25.6,0.805,11.6,35.8,47.3,22.3,7.4,4.8,15.6,20.9,108.4
18,2008-2009,Miami Heat,1,82,19955,40.6,88.9,0.457,7.8,21.8,0.35700000000000004,32.8,67.1,0.489,18.9,25.0,0.754,11.1,32.3,43.3,22.4,8.7,6.0,13.7,22.7,107.8
19,2008-2009,Atlanta Hawks,1,82,19705,40.2,87.7,0.45799999999999996,8.1,22.2,0.366,32.1,65.5,0.49,20.9,28.3,0.737,11.8,32.8,44.6,22.5,8.2,5.1,14.2,21.9,109.3
20,2008-2009,New Jersey Nets,0,82,19830,39.4,88.0,0.44799999999999995,8.8,23.4,0.376,30.6,64.6,0.473,20.8,26.7,0.779,11.4,32.5,44.0,22.0,7.5,5.3,14.5,24.7,108.3
21,2008-2009,Minnesota Timberwolves,0,82,19805,39.5,89.5,0.441,7.2,20.4,0.353,32.3,69.2,0.467,19.9,25.9,0.769,12.9,32.3,45.2,22.1,6.8,4.3,15.4,23.6,106.1
22,2008-2009,Philadelphia 76ers,1,82,19755,40.5,88.2,0.45899999999999996,4.6,14.5,0.318,35.9,73.7,0.486,22.3,29.9,0.745,14.0,31.5,45.6,22.2,8.9,5.6,15.6,22.3,107.9
23,2008-2009,San Antonio Spurs,1,82,19905,41.5,89.1,0.466,8.5,22.1,0.386,33.0,67.0,0.49200000000000005,17.0,22.4,0.7609999999999999,9.9,36.0,45.9,23.7,6.5,4.5,13.1,21.1,108.5
24,2008-2009,Oklahoma City Thunder,0,82,19805,38.8,86.9,0.447,4.2,12.3,0.34600000000000003,34.6,74.7,0.46299999999999997,21.0,26.8,0.7859999999999999,12.9,32.3,45.3,21.5,7.9,4.8,17.2,21.4,102.9
25,2008-2009,Washington Wizards,0,82,19705,40.1,89.1,0.45,5.3,16.0,0.33,34.8,73.0,0.47600000000000003,20.0,26.1,0.767,12.8,31.2,44.0,22.0,8.3,4.9,15.3,22.5,105.4
26,2008-2009,New Orleans Hornets,1,82,19755,40.3,88.1,0.457,7.7,21.1,0.364,32.6,67.0,0.48700000000000004,20.5,25.4,0.807,11.1,33.9,45.0,22.3,8.2,4.7,14.2,23.0,108.7
27,2008-2009,Los Angeles Clippers,0,82,19880,38.7,87.8,0.441,7.0,19.8,0.354,31.7,68.0,0.467,17.8,24.1,0.736,11.7,31.2,42.8,22.6,7.5,6.3,16.0,21.6,102.3
28,2008-2009,Detroit Pistons,1,82,19905,41.4,91.2,0.45399999999999996,5.2,15.0,0.349,36.2,76.2,0.475,19.3,25.7,0.7509999999999999,13.2,34.0,47.2,23.5,6.9,5.2,13.5,23.8,107.4
29,2008-2009,Memphis Grizzlies,0,82,19805,38.5,84.8,0.45399999999999996,5.4,14.9,0.36,33.2,70.0,0.474,21.1,27.9,0.7559999999999999,11.4,31.4,42.8,19.1,8.3,5.2,16.8,23.9,103.5
30,2008-2009,Charlotte Bobcats,0,82,19930,39.1,85.9,0.455,6.7,18.3,0.366,32.4,67.6,0.479,19.8,26.8,0.74,12.1,32.3,44.3,23.7,7.9,5.4,17.4,23.9,104.7
1,2009-2010,Phoenix Suns,1,82,19730,42.6,86.6,0.49200000000000005,9.3,22.6,0.41200000000000003,33.3,64.0,0.52,20.8,27.0,0.77,11.6,33.4,45.0,24.4,6.1,5.3,15.4,21.9,115.3
2,2009-2010,Golden State Warriors,0,82,19730,40.4,86.0,0.469,7.7,20.4,0.375,32.7,65.5,0.499,19.8,25.3,0.782,9.1,29.1,38.2,22.3,9.2,4.1,14.6,22.9,108.1
3,2009-2010,Denver Nuggets,1,82,19780,40.0,85.5,0.46799999999999997,7.0,19.4,0.359,33.0,66.1,0.5,24.8,32.1,0.772,11.4,32.1,43.5,22.0,8.7,5.3,14.5,23.6,111.8
4,2009-2010,Utah Jazz,1,82,19755,41.8,85.1,0.491,5.7,15.6,0.364,36.1,69.5,0.519,21.4,28.9,0.741,11.3,33.5,44.8,28.3,8.7,5.2,16.1,24.1,110.7
5,2009-2010,Toronto Raptors,0,82,19780,41.7,86.5,0.48200000000000004,6.8,18.2,0.371,35.0,68.2,0.512,21.1,27.6,0.764,10.5,32.7,43.2,23.5,6.1,5.0,14.3,23.7,111.3
6,2009-2010,Orlando Magic,1,82,19730,39.7,84.5,0.47,11.1,29.6,0.375,28.6,54.9,0.521,20.8,28.8,0.7240000000000001,10.7,36.2,46.9,21.3,6.8,6.0,15.3,21.5,111.4
7,2009-2010,Memphis Grizzlies,0,82,19905,41.5,88.6,0.469,4.4,13.1,0.337,37.1,75.5,0.49200000000000005,20.8,28.4,0.733,13.8,32.2,46.0,19.9,8.3,5.1,16.1,21.3,108.3
8,2009-2010,Houston Rockets,0,82,19905,39.7,88.8,0.447,8.3,23.6,0.35100000000000003,31.4,65.2,0.48100000000000004,20.0,25.9,0.772,12.4,31.7,44.1,22.9,7.5,4.1,15.2,21.9,107.6
9,2009-2010,Cleveland Cavaliers,1,82,19780,41.2,84.9,0.485,8.0,21.0,0.381,33.2,63.9,0.52,20.8,29.0,0.72,10.5,35.8,46.3,24.4,7.5,5.6,15.1,21.1,111.2
10,2009-2010,New York Knicks,0,82,19880,40.2,88.3,0.455,9.5,27.6,0.34600000000000003,30.6,60.8,0.504,17.7,22.6,0.782,10.7,31.8,42.6,22.8,7.5,3.9,14.7,21.0,107.6
11,2009-2010,Dallas Mavericks,1,82,19880,41.0,88.2,0.46399999999999997,7.3,19.6,0.37200000000000005,33.7,68.7,0.491,19.9,24.4,0.816,10.9,33.8,44.6,25.0,8.1,5.9,13.8,20.4,109.2
12,2009-2010,Los Angeles Lakers,1,82,19830,41.0,89.7,0.457,6.9,20.4,0.341,34.1,69.3,0.49200000000000005,19.8,25.9,0.765,12.7,34.7,47.4,22.6,8.0,5.2,14.3,20.8,108.8
13,2009-2010,Atlanta Hawks,1,82,19855,42.7,91.2,0.46799999999999997,7.0,19.5,0.36,35.6,71.7,0.49700000000000005,19.5,25.7,0.759,13.0,32.9,45.9,24.0,7.9,5.5,13.1,21.9,111.9
14,2009-2010,Oklahoma City Thunder,1,82,19805,39.9,86.3,0.462,5.4,16.0,0.34,34.4,70.3,0.49,23.1,28.8,0.805,12.5,33.9,46.4,21.3,8.5,6.3,16.0,22.7,108.3
15,2009-2010,San Antonio Spurs,1,82,19780,41.7,88.1,0.473,7.3,20.5,0.358,34.4,67.7,0.508,19.3,26.1,0.74,11.7,34.7,46.4,24.2,6.8,5.0,14.8,22.1,110.0
16,2009-2010,Indiana Pacers,0,82,19705,37.9,85.6,0.44299999999999995,8.3,23.8,0.348,29.6,61.8,0.479,19.6,25.3,0.775,9.9,32.9,42.7,21.7,7.3,5.5,15.5,23.2,103.7
17,2009-2010,New Orleans Hornets,0,82,19830,41.5,89.4,0.46399999999999997,7.5,20.5,0.363,34.1,68.9,0.495,16.9,21.7,0.778,11.1,32.0,43.1,23.9,8.2,3.9,14.4,21.0,107.4
18,2009-2010,Sacramento Kings,0,82,19880,40.4,88.6,0.456,6.2,17.8,0.349,34.2,70.8,0.483,18.4,25.3,0.726,12.5,32.3,44.9,21.6,7.2,4.7,15.7,23.5,105.3
19,2009-2010,Boston Celtics,1,82,19780,40.2,83.3,0.483,6.6,19.0,0.348,33.6,64.4,0.523,20.6,27.7,0.746,9.5,32.4,41.9,25.6,9.3,5.3,16.1,24.0,107.7
20,2009-2010,Minnesota Timberwolves,0,82,19780,39.2,87.4,0.449,5.1,14.9,0.341,34.1,72.5,0.47100000000000003,18.1,24.3,0.746,12.1,32.3,44.4,20.5,7.5,3.9,16.8,21.5,101.7
21,2009-2010,Portland Trail Blazers,1,82,19855,41.0,88.9,0.461,6.8,19.1,0.354,34.2,69.8,0.49,22.1,28.0,0.79,12.6,32.8,45.4,23.1,7.2,4.8,13.9,23.6,110.8
22,2009-2010,Philadelphia 76ers,0,82,19805,40.9,88.7,0.46,6.3,18.3,0.34299999999999997,34.6,70.5,0.491,18.1,23.9,0.7559999999999999,12.5,32.0,44.5,22.8,8.8,5.8,15.8,22.2,106.1
23,2009-2010,Milwaukee Bucks,1,82,19980,40.0,91.7,0.436,8.5,23.8,0.35600000000000004,31.5,67.9,0.46399999999999997,16.6,21.9,0.755,12.6,33.5,46.2,22.8,7.6,5.0,14.2,23.9,104.9
24,2009-2010,Chicago Bulls,1,82,19905,39.9,88.4,0.451,4.6,13.8,0.33,35.3,74.6,0.474,19.2,25.4,0.754,12.1,35.2,47.3,22.1,6.9,6.2,15.2,21.3,103.5
25,2009-2010,Miami Heat,1,82,19880,40.2,87.8,0.45799999999999996,6.7,19.2,0.34600000000000003,33.5,68.6,0.489,19.6,26.0,0.752,11.8,34.4,46.2,20.9,8.2,6.2,14.5,23.0,106.6
26,2009-2010,Washington Wizards,0,82,19830,39.7,88.5,0.449,5.7,16.2,0.353,34.0,72.3,0.47100000000000003,19.1,25.0,0.762,12.8,32.5,45.2,20.6,6.5,5.6,16.1,23.1,104.2
27,2009-2010,Los Angeles Clippers,0,82,19705,39.5,86.8,0.455,6.4,19.2,0.332,33.1,67.7,0.49,17.9,24.6,0.73,12.2,32.9,45.1,23.8,7.0,6.1,16.9,20.8,103.3
28,2009-2010,Charlotte Bobcats,1,82,19880,38.2,84.3,0.45299999999999996,6.1,17.8,0.34600000000000003,32.0,66.5,0.48200000000000004,21.9,29.1,0.7509999999999999,11.5,33.3,44.7,22.2,8.4,6.0,17.2,21.3,104.4
29,2009-2010,Detroit Pistons,0,82,19780,40.3,90.5,0.445,5.1,16.3,0.314,35.2,74.2,0.474,19.9,27.4,0.728,14.4,30.7,45.2,21.8,8.2,4.3,15.1,25.0,105.6
30,2009-2010,New Jersey Nets,0,82,19780,37.4,87.0,0.429,5.0,15.7,0.318,32.4,71.3,0.45399999999999996,20.9,26.8,0.78,11.9,31.3,43.2,20.5,7.6,5.2,15.7,21.8,100.6
1,2010-2011,Denver Nuggets,1,82,19705,40.1,84.3,0.47600000000000003,8.4,21.7,0.38799999999999996,31.6,62.6,0.506,23.7,31.0,0.765,10.1,33.8,43.9,23.1,7.7,4.5,14.7,21.9,112.3
2,2010-2011,New York Knicks,1,82,19780,39.9,87.2,0.457,9.7,26.4,0.368,30.2,60.8,0.496,21.4,26.5,0.809,10.8,31.4,42.1,22.3,7.9,6.0,14.3,22.1,110.9
3,2010-2011,Houston Rockets,0,82,19880,40.6,89.4,0.45399999999999996,8.7,23.6,0.36700000000000005,31.9,65.8,0.486,21.4,26.7,0.8009999999999999,12.3,32.7,45.0,25.1,7.4,4.8,14.2,21.0,111.3
4,2010-2011,Phoenix Suns,0,82,20005,40.9,87.0,0.47,8.9,23.6,0.377,32.0,63.4,0.505,18.7,24.6,0.759,10.4,31.5,41.9,24.7,6.9,4.5,14.9,21.2,109.5
5,2010-2011,Oklahoma City Thunder,1,82,20005,39.7,85.5,0.46399999999999997,6.3,18.2,0.34700000000000003,33.4,67.4,0.495,25.6,31.1,0.823,11.7,33.7,45.4,21.6,8.5,6.3,15.0,23.8,111.2
6,2010-2011,San Antonio Spurs,1,82,19780,41.4,87.1,0.475,9.0,22.7,0.397,32.4,64.4,0.503,20.0,26.1,0.767,10.9,34.2,45.1,24.1,7.9,4.9,14.5,20.5,111.8
7,2010-2011,Golden State Warriors,0,82,19830,41.5,90.0,0.461,8.7,22.3,0.392,32.8,67.6,0.484,16.5,21.6,0.7609999999999999,12.2,30.3,42.4,23.6,9.4,5.2,15.3,23.1,108.2
8,2010-2011,Miami Heat,1,82,19780,40.5,84.1,0.48100000000000004,7.3,19.7,0.37,33.2,64.4,0.515,23.5,30.5,0.769,10.5,35.6,46.1,21.9,7.3,5.7,15.2,22.3,111.7
9,2010-2011,Los Angeles Lakers,1,82,19830,41.7,90.1,0.46299999999999997,7.0,19.8,0.35200000000000004,34.7,70.3,0.494,20.6,26.4,0.779,13.2,34.9,48.1,24.0,8.0,5.6,14.3,20.7,111.0
10,2010-2011,Minnesota Timberwolves,0,82,19780,38.9,88.2,0.441,7.4,19.7,0.376,31.5,68.5,0.45899999999999996,19.1,24.9,0.768,13.6,32.1,45.8,20.8,7.4,5.3,17.6,23.0,104.2
11,2010-2011,Dallas Mavericks,1,82,19705,40.9,86.2,0.475,8.6,23.6,0.365,32.3,62.6,0.516,19.2,24.7,0.777,10.4,34.9,45.3,26.1,7.4,4.7,15.3,21.0,109.7
12,2010-2011,Memphis Grizzlies,1,82,19880,42.0,89.3,0.47100000000000003,4.1,12.2,0.33399999999999996,38.0,77.2,0.49200000000000005,19.5,26.0,0.75,12.7,31.4,44.1,22.2,10.1,5.8,15.0,22.4,107.6
13,2010-2011,Indiana Pacers,1,82,19780,38.5,86.9,0.442,7.5,21.2,0.354,31.0,65.8,0.47100000000000003,20.4,26.1,0.782,11.7,34.0,45.7,20.6,7.5,5.8,16.2,22.8,104.8
14,2010-2011,Utah Jazz,0,82,19880,40.6,87.4,0.465,5.8,16.7,0.34600000000000003,34.9,70.7,0.493,21.1,27.3,0.7709999999999999,11.9,31.0,42.9,25.5,8.3,6.4,15.6,24.7,108.1
15,2010-2011,Sacramento Kings,0,82,19855,39.8,88.6,0.449,5.4,16.2,0.335,34.4,72.4,0.475,18.5,25.2,0.7340000000000001,13.6,32.1,45.7,21.3,7.7,5.0,16.8,22.9,103.5
16,2010-2011,Orlando Magic,1,82,19830,39.2,85.0,0.461,10.2,27.9,0.366,29.0,57.1,0.507,19.3,27.9,0.6920000000000001,11.5,35.5,47.0,21.7,7.3,5.1,16.2,21.8,107.9
17,2010-2011,Toronto Raptors,0,82,19780,41.1,88.3,0.465,4.5,14.3,0.316,36.6,74.0,0.494,19.5,25.8,0.755,12.6,30.6,43.2,23.5,7.6,4.6,15.8,23.6,106.1
18,2010-2011,Philadelphia 76ers,1,82,19930,41.0,89.0,0.461,5.8,16.4,0.355,35.2,72.6,0.485,18.7,24.3,0.77,11.2,33.9,45.0,24.4,8.2,4.7,14.0,20.9,106.6
19,2010-2011,Los Angeles Clippers,0,82,19855,39.3,85.8,0.457,6.7,19.8,0.33799999999999997,32.6,66.1,0.493,20.1,28.5,0.7070000000000001,12.4,32.6,45.0,23.6,7.6,5.2,17.5,22.6,105.3
20,2010-2011,Chicago Bulls,1,82,19830,40.7,88.2,0.462,6.8,19.0,0.361,33.9,69.3,0.489,20.0,26.9,0.743,13.0,35.5,48.5,24.5,7.9,6.3,15.6,22.0,108.3
21,2010-2011,Washington Wizards,0,82,19930,39.1,88.4,0.44299999999999995,5.0,15.2,0.332,34.1,73.2,0.465,19.1,25.7,0.745,13.0,30.5,43.5,20.4,8.5,6.4,16.1,23.7,102.4
22,2010-2011,Detroit Pistons,0,82,19880,41.4,90.0,0.46,6.4,17.0,0.376,35.0,73.0,0.479,18.5,25.1,0.737,12.6,30.3,42.9,23.4,8.1,4.4,14.4,22.1,107.7
23,2010-2011,Boston Celtics,1,82,19780,40.6,83.5,0.486,5.5,15.0,0.365,35.1,68.5,0.513,19.6,25.4,0.77,8.6,34.1,42.7,25.8,9.1,4.6,16.0,22.5,106.2
24,2010-2011,Portland Trail Blazers,1,82,19805,40.7,91.0,0.447,7.1,20.7,0.345,33.5,70.2,0.47700000000000004,20.3,25.3,0.804,13.7,30.7,44.5,23.9,9.1,4.9,14.7,21.8,108.8
25,2010-2011,Cleveland Cavaliers,0,82,19755,37.7,86.8,0.434,6.6,19.4,0.342,31.0,67.3,0.461,20.2,27.1,0.745,11.2,32.0,43.2,22.5,7.1,4.5,15.2,21.5,102.2
26,2010-2011,Atlanta Hawks,1,82,19730,40.5,87.6,0.462,6.8,19.4,0.35200000000000004,33.6,68.1,0.494,18.3,23.5,0.779,10.4,33.5,43.9,24.5,6.8,4.6,15.2,21.2,106.1
27,2010-2011,New Orleans Hornets,1,82,19830,40.2,87.5,0.45899999999999996,6.1,16.8,0.36,34.1,70.7,0.48200000000000004,19.8,25.9,0.765,11.2,33.7,44.9,23.1,8.5,4.9,14.6,23.5,106.2
28,2010-2011,New Jersey Nets,0,82,20005,38.9,88.6,0.44,6.1,17.8,0.34299999999999997,32.8,70.7,0.46399999999999997,19.0,25.1,0.759,12.1,32.6,44.7,23.0,6.1,5.1,15.4,24.1,103.1
29,2010-2011,Charlotte Bobcats,0,82,19805,38.8,86.0,0.451,5.3,16.3,0.327,33.5,69.8,0.48,20.4,27.0,0.7559999999999999,11.5,33.0,44.5,23.4,7.1,5.9,16.1,22.1,103.4
30,2010-2011,Milwaukee Bucks,0,82,19830,37.9,88.2,0.43,6.5,19.1,0.342,31.4,69.2,0.45399999999999996,19.2,25.4,0.757,11.6,33.4,45.1,20.8,8.3,5.4,14.9,22.7,101.6
1,2011-2012,Denver Nuggets,1,66,16040,40.9,85.9,0.47600000000000003,6.9,20.8,0.332,33.9,65.0,0.522,20.5,28.0,0.735,11.7,33.4,45.2,25.1,8.6,5.2,16.1,20.6,109.2
2,2011-2012,San Antonio Spurs,1,66,15940,42.3,88.5,0.478,8.9,22.8,0.39299999999999996,33.4,65.8,0.507,17.3,23.1,0.748,11.1,34.9,46.0,24.8,7.9,4.7,14.5,18.5,110.9
3,2011-2012,Oklahoma City Thunder,1,66,15990,39.7,84.4,0.47100000000000003,7.6,21.3,0.358,32.1,63.1,0.509,22.7,28.1,0.8059999999999999,11.7,34.8,46.5,19.8,8.0,8.7,17.4,21.8,109.8
4,2011-2012,Utah Jazz,1,66,16165,41.0,89.8,0.456,4.4,13.7,0.32299999999999995,36.5,76.1,0.48,20.4,27.1,0.754,14.0,33.4,47.4,23.4,8.8,6.3,15.2,23.4,106.8
5,2011-2012,Milwaukee Bucks,0,66,15865,40.4,91.2,0.44299999999999995,7.0,20.4,0.345,33.3,70.8,0.47100000000000003,17.7,22.8,0.774,13.2,32.0,45.2,25.0,8.8,5.4,15.0,20.5,105.5
6,2011-2012,Sacramento Kings,0,66,15915,39.7,91.0,0.436,6.5,20.7,0.316,33.1,70.3,0.47100000000000003,18.0,24.4,0.736,14.0,31.0,45.1,20.2,8.9,5.1,15.2,20.5,103.8
7,2011-2012,Miami Heat,1,66,16040,40.1,85.5,0.469,6.1,16.9,0.359,34.1,68.6,0.496,20.3,26.2,0.775,11.3,33.8,45.0,21.6,9.6,5.8,16.4,21.0,106.6
8,2011-2012,Phoenix Suns,0,66,15840,40.8,89.1,0.45799999999999996,7.3,21.2,0.34299999999999997,33.6,67.9,0.494,17.3,22.9,0.757,11.7,33.3,45.0,24.3,7.1,6.0,15.2,20.2,106.2
9,2011-2012,Houston Rockets,0,66,16065,40.6,90.3,0.449,7.8,21.7,0.359,32.8,68.6,0.47700000000000004,16.6,21.2,0.782,12.5,32.8,45.3,22.9,8.1,5.2,15.6,21.9,105.5
10,2011-2012,Minnesota Timberwolves,0,66,15940,38.0,87.7,0.433,7.6,23.0,0.332,30.4,64.7,0.469,20.7,26.8,0.7709999999999999,12.9,33.7,46.6,20.8,7.0,4.7,16.2,19.6,104.3
11,2011-2012,New York Knicks,1,66,15940,38.2,86.2,0.44299999999999995,8.4,24.9,0.336,29.9,61.4,0.48700000000000004,19.6,26.4,0.741,12.0,32.5,44.5,21.5,10.1,4.5,17.1,22.5,104.4
12,2011-2012,Golden State Warriors,0,66,15915,40.6,88.9,0.457,8.6,22.1,0.38799999999999996,32.1,66.8,0.48,15.5,20.2,0.77,10.5,31.8,42.2,24.0,8.6,5.9,14.9,23.0,105.4
13,2011-2012,Indiana Pacers,1,66,15990,38.9,88.9,0.43799999999999994,6.5,17.6,0.368,32.5,71.3,0.455,22.3,28.5,0.782,13.7,34.2,47.9,20.3,8.7,5.9,15.3,23.7,106.7
14,2011-2012,Los Angeles Clippers,1,66,15965,41.1,90.5,0.455,8.7,24.3,0.35700000000000004,32.5,66.2,0.49,17.6,25.9,0.68,13.5,32.8,46.2,23.3,9.4,5.3,14.8,23.6,108.5
15,2011-2012,Los Angeles Lakers,1,66,16065,40.1,87.8,0.457,6.0,18.3,0.326,34.1,69.4,0.491,19.8,26.2,0.7559999999999999,13.2,37.1,50.3,24.5,6.4,5.8,16.5,18.3,106.0
16,2011-2012,Portland Trail Blazers,0,66,15965,39.6,89.3,0.44299999999999995,7.9,22.8,0.34600000000000003,31.7,66.5,0.47700000000000004,18.7,23.5,0.7959999999999999,12.1,32.1,44.2,22.2,8.7,5.3,15.4,20.6,105.7
17,2011-2012,Atlanta Hawks,1,66,16165,40.0,88.0,0.45399999999999996,8.1,21.9,0.37,31.9,66.1,0.48200000000000004,16.9,22.8,0.74,10.7,34.0,44.7,24.4,8.8,5.0,15.2,19.4,104.9
18,2011-2012,Chicago Bulls,1,66,15940,41.7,92.3,0.452,7.1,18.9,0.375,34.6,73.4,0.47100000000000003,17.0,23.5,0.722,15.5,36.6,52.0,25.8,7.7,6.6,15.6,19.2,107.4
19,2011-2012,Dallas Mavericks,1,66,16065,39.2,88.4,0.44299999999999995,8.1,23.9,0.33899999999999997,31.1,64.5,0.48200000000000004,16.8,21.8,0.7709999999999999,10.9,35.2,46.1,22.5,9.2,5.5,15.1,20.0,103.3
20,2011-2012,Memphis Grizzlies,1,66,15940,40.2,89.9,0.447,4.6,14.1,0.326,35.6,75.8,0.47,18.9,24.9,0.759,13.8,32.2,46.0,21.4,10.5,5.7,15.8,21.8,104.0
21,2011-2012,Orlando Magic,1,66,15965,38.4,87.2,0.441,11.3,30.1,0.375,27.1,57.0,0.475,16.8,25.5,0.66,12.5,34.8,47.3,22.3,7.6,4.6,16.6,19.7,105.0
22,2011-2012,Washington Wizards,0,66,15865,39.5,89.5,0.441,5.6,17.6,0.32,33.8,71.9,0.47,16.5,22.7,0.727,12.7,32.3,45.0,20.6,8.6,6.8,16.5,23.0,101.0
23,2011-2012,Philadelphia 76ers,1,66,15915,41.6,92.8,0.44799999999999995,5.9,16.2,0.36200000000000004,35.7,76.6,0.466,14.9,20.1,0.742,11.8,36.1,47.9,24.4,8.8,5.7,12.4,19.5,103.9
24,2011-2012,New Jersey Nets,0,66,15890,37.9,89.1,0.425,8.5,24.8,0.342,29.4,64.3,0.457,18.6,24.0,0.777,13.1,31.5,44.6,22.0,8.3,4.4,16.7,21.2,102.9
25,2011-2012,Cleveland Cavaliers,0,66,15965,37.2,88.2,0.42200000000000004,7.2,21.0,0.34600000000000003,30.0,67.3,0.446,19.4,27.1,0.716,13.8,32.1,45.9,21.5,7.7,4.3,16.7,21.7,101.1
26,2011-2012,Boston Celtics,1,66,15940,39.0,84.7,0.46,6.0,16.5,0.36700000000000005,33.0,68.3,0.483,16.9,21.8,0.778,8.5,34.2,42.7,25.9,8.3,6.0,16.3,21.9,101.0
27,2011-2012,Detroit Pistons,0,66,15965,38.6,88.1,0.43799999999999994,5.3,15.4,0.34600000000000003,33.3,72.7,0.457,18.5,24.6,0.752,13.1,31.7,44.8,20.8,7.7,4.7,17.4,21.8,101.0
28,2011-2012,Toronto Raptors,0,66,15965,38.2,86.8,0.44,6.1,18.1,0.34,32.0,68.7,0.467,18.3,23.7,0.77,11.7,34.9,46.7,23.3,7.2,5.4,16.9,25.8,100.8
29,2011-2012,New Orleans Hornets,0,66,15940,39.2,87.0,0.451,4.4,13.2,0.33299999999999996,34.8,73.8,0.47200000000000003,18.0,23.8,0.757,12.3,33.9,46.3,23.3,8.3,5.4,17.5,22.6,100.9
30,2011-2012,Charlotte Bobcats,0,66,15890,36.4,87.8,0.414,4.4,14.8,0.295,32.0,73.0,0.439,18.1,24.2,0.746,11.2,31.4,42.6,22.0,6.6,6.0,15.9,20.7,95.2
1,2012-2013,Denver Nuggets,1,82,19905,42.3,88.6,0.478,6.6,19.3,0.34299999999999997,35.7,69.3,0.516,19.1,27.2,0.701,13.8,33.0,46.8,25.4,9.7,6.8,15.9,21.3,110.4
2,2012-2013,Houston Rockets,1,82,19780,39.4,85.6,0.461,10.9,29.9,0.366,28.5,55.7,0.511,19.9,26.3,0.754,11.5,33.5,45.0,24.0,8.6,4.5,17.0,21.0,109.7
3,2012-2013,Oklahoma City Thunder,1,82,19830,40.5,84.3,0.48100000000000004,7.8,20.6,0.377,32.8,63.7,0.514,23.6,28.5,0.828,11.1,35.3,46.4,22.7,8.8,8.1,16.2,21.4,112.4
4,2012-2013,San Antonio Spurs,1,82,19880,41.1,85.6,0.48100000000000004,8.5,22.6,0.376,32.6,62.9,0.519,17.5,22.1,0.7909999999999999,8.5,34.9,43.4,26.4,8.9,5.7,15.5,18.3,108.3
5,2012-2013,Miami Heat,1,82,19880,41.9,84.5,0.496,9.5,24.1,0.396,32.4,60.4,0.536,18.9,25.1,0.754,9.0,33.2,42.2,25.2,9.5,5.9,15.2,20.4,112.3
6,2012-2013,Los Angeles Lakers,1,82,19755,39.1,85.4,0.45799999999999996,9.2,25.9,0.355,29.9,59.5,0.503,20.4,29.4,0.6920000000000001,12.1,35.1,47.3,23.4,7.4,5.5,15.8,18.9,107.8
7,2012-2013,Golden State Warriors,1,82,19805,40.2,87.7,0.45799999999999996,8.4,20.9,0.40299999999999997,31.7,66.8,0.475,17.7,22.4,0.79,11.4,35.9,47.3,23.7,7.3,4.4,15.9,22.5,106.4
8,2012-2013,Dallas Mavericks,0,82,19980,40.6,88.0,0.462,7.7,20.8,0.37200000000000005,32.9,67.2,0.489,16.9,21.3,0.7929999999999999,9.8,34.1,43.9,24.3,8.3,5.8,14.6,21.7,105.9
9,2012-2013,Los Angeles Clippers,1,82,19730,42.2,88.2,0.478,8.4,23.4,0.358,33.8,64.8,0.522,17.9,25.2,0.711,12.5,33.0,45.6,26.1,10.5,6.2,16.0,22.9,110.6
10,2012-2013,Sacramento Kings,0,82,19830,39.9,89.2,0.447,7.9,21.7,0.363,32.0,67.5,0.474,18.6,24.2,0.769,12.2,30.8,43.0,22.1,8.7,4.4,15.5,22.2,106.2
11,2012-2013,New York Knicks,1,82,19730,40.6,90.6,0.44799999999999995,12.1,32.1,0.376,28.5,58.5,0.48700000000000004,17.8,23.4,0.759,12.1,33.0,45.1,21.4,9.1,4.0,13.4,22.4,111.1
12,2012-2013,Milwaukee Bucks,1,82,19830,40.0,92.0,0.435,7.7,21.3,0.36,32.3,70.6,0.457,16.0,21.7,0.736,13.7,32.4,46.1,24.0,8.8,7.0,14.8,19.9,103.6
13,2012-2013,Utah Jazz,0,82,19880,40.4,89.1,0.45399999999999996,6.7,18.4,0.366,33.7,70.7,0.47700000000000004,19.1,25.0,0.764,13.1,32.6,45.8,24.7,9.2,6.8,16.1,23.2,106.7
14,2012-2013,Atlanta Hawks,1,82,19855,40.2,86.7,0.46399999999999997,9.2,24.8,0.371,31.0,61.9,0.501,15.1,21.1,0.715,9.9,33.8,43.7,26.2,8.7,4.8,15.9,19.2,104.8
15,2012-2013,Portland Trail Blazers,0,82,19855,39.8,88.8,0.44799999999999995,8.9,25.2,0.353,30.9,63.6,0.486,17.2,22.2,0.7759999999999999,11.6,32.7,44.3,23.6,7.1,4.7,15.9,20.1,105.8
16,2012-2013,Toronto Raptors,0,82,19980,39.6,88.8,0.446,7.6,22.1,0.34299999999999997,32.0,66.7,0.48,19.2,24.3,0.7879999999999999,11.6,32.2,43.8,23.5,7.9,5.2,14.9,24.4,105.9
17,2012-2013,Brooklyn Nets,1,82,19855,40.1,89.1,0.45,8.6,24.0,0.35700000000000004,31.5,65.1,0.484,19.5,26.7,0.731,14.3,33.5,47.8,22.7,8.2,5.3,16.4,20.4,108.2
18,2012-2013,Cleveland Cavaliers,0,82,19730,39.5,91.0,0.434,7.2,20.8,0.34600000000000003,32.2,70.1,0.46,18.2,24.1,0.7559999999999999,13.2,31.1,44.3,22.3,8.5,4.4,15.1,22.9,104.3
19,2012-2013,Minnesota Timberwolves,0,82,19730,38.6,87.8,0.439,5.9,19.3,0.305,32.7,68.5,0.47700000000000004,19.9,26.8,0.742,12.7,32.4,45.2,24.1,9.2,5.1,15.9,19.8,102.9
20,2012-2013,Boston Celtics,1,81,19840,39.6,85.2,0.465,6.6,18.3,0.358,33.0,66.8,0.494,17.4,22.4,0.7759999999999999,8.6,33.4,42.0,24.3,8.8,4.8,15.6,22.6,103.1
21,2012-2013,Phoenix Suns,0,82,19805,39.7,89.7,0.44299999999999995,6.2,18.9,0.33,33.5,70.8,0.473,15.6,21.0,0.7440000000000001,12.4,31.8,44.3,24.1,8.5,5.6,16.6,21.9,101.2
22,2012-2013,Detroit Pistons,0,82,19805,39.7,88.6,0.449,6.8,19.2,0.35600000000000004,32.9,69.4,0.474,17.4,24.9,0.6990000000000001,13.2,32.9,46.1,23.2,7.7,5.3,16.6,21.7,103.8
23,2012-2013,Orlando Magic,0,82,19780,40.7,90.9,0.44799999999999995,6.7,20.2,0.32899999999999996,34.1,70.6,0.48200000000000004,13.5,17.9,0.755,11.7,34.4,46.1,24.6,7.0,4.7,15.7,20.9,101.6
24,2012-2013,New Orleans Hornets,0,82,19780,40.5,90.3,0.44799999999999995,7.3,20.2,0.363,33.2,70.1,0.473,17.4,22.4,0.7759999999999999,13.5,33.2,46.8,23.6,7.1,6.0,16.4,22.9,105.7
25,2012-2013,Indiana Pacers,1,81,19590,38.7,88.6,0.436,7.5,21.7,0.34700000000000003,31.1,66.9,0.465,19.4,26.0,0.746,14.2,36.3,50.5,22.3,7.9,7.0,16.7,22.1,104.3
26,2012-2013,Charlotte Bobcats,0,82,19805,37.4,88.1,0.425,6.2,18.5,0.335,31.2,69.6,0.44799999999999995,20.5,27.3,0.75,12.2,31.7,43.8,21.0,7.8,6.3,15.3,20.7,101.5
27,2012-2013,Memphis Grizzlies,1,82,19805,40.6,91.5,0.444,5.2,15.2,0.345,35.4,76.4,0.46299999999999997,18.5,23.9,0.773,14.5,33.5,48.0,23.5,9.6,6.0,15.7,22.7,104.9
28,2012-2013,Washington Wizards,0,82,19855,38.2,87.8,0.435,7.1,19.6,0.365,31.0,68.2,0.455,16.8,22.9,0.733,11.6,34.8,46.4,23.3,7.8,4.9,16.2,22.0,100.2
29,2012-2013,Chicago Bulls,1,82,19830,39.6,90.7,0.43700000000000006,6.0,17.1,0.353,33.6,73.6,0.456,18.2,23.5,0.773,13.9,34.1,48.0,25.5,8.0,5.6,15.9,21.9,103.5
30,2012-2013,Philadelphia 76ers,0,82,19755,40.8,92.0,0.444,6.9,19.2,0.36,33.9,72.9,0.466,13.4,18.4,0.7290000000000001,12.0,33.3,45.2,24.9,8.1,5.1,14.3,20.1,102.0
1,2013-2014,Los Angeles Clippers,1,82,19755,40.6,85.6,0.474,8.8,24.9,0.35200000000000004,31.8,60.7,0.525,22.0,30.2,0.73,10.9,33.8,44.6,25.5,8.9,5.0,14.4,22.4,112.1
2,2013-2014,Houston Rockets,1,82,19830,39.2,83.0,0.47200000000000003,9.8,27.4,0.358,29.4,55.6,0.529,22.8,32.0,0.7120000000000001,11.6,35.1,46.7,22.1,7.8,5.8,16.6,21.1,111.0
3,2013-2014,Minnesota Timberwolves,0,82,19855,39.6,89.1,0.444,7.5,21.8,0.341,32.2,67.3,0.478,22.2,28.6,0.778,12.7,32.8,45.6,24.4,8.9,3.7,14.2,18.7,108.9
4,2013-2014,Portland Trail Blazers,1,82,19855,40.9,90.9,0.45,9.8,26.4,0.37200000000000005,31.1,64.5,0.48100000000000004,20.0,24.5,0.815,13.0,35.5,48.5,24.3,5.8,4.9,14.3,20.1,111.5
5,2013-2014,Oklahoma City Thunder,1,82,19805,40.6,86.1,0.47100000000000003,8.4,23.3,0.361,32.1,62.8,0.512,21.0,26.1,0.8059999999999999,11.3,35.3,46.6,22.8,8.6,6.4,15.9,23.6,110.5
6,2013-2014,San Antonio Spurs,1,82,19755,42.5,87.5,0.486,8.9,22.5,0.397,33.6,65.1,0.517,16.5,21.0,0.785,9.7,35.6,45.4,26.4,7.7,5.4,15.1,19.1,110.5
7,2013-2014,Phoenix Suns,0,82,19755,40.2,86.8,0.46299999999999997,9.7,26.1,0.37200000000000005,30.5,60.8,0.503,19.3,25.4,0.758,11.8,33.0,44.8,19.8,8.7,4.7,16.0,22.8,109.5
8,2013-2014,Dallas Mavericks,1,82,19830,42.0,88.7,0.474,9.3,24.3,0.384,32.7,64.4,0.508,17.8,22.4,0.795,10.9,32.5,43.4,25.0,9.1,4.6,14.4,21.2,111.2
9,2013-2014,Denver Nuggets,0,82,19755,39.0,87.2,0.447,8.7,24.3,0.358,30.3,63.0,0.48100000000000004,19.4,26.7,0.726,12.5,33.7,46.2,22.8,7.6,5.7,16.2,23.4,106.0
10,2013-2014,Golden State Warriors,1,82,19830,40.7,88.1,0.462,9.7,25.6,0.38,31.0,62.5,0.496,16.4,21.8,0.753,11.3,35.5,46.7,24.0,8.1,5.1,15.7,22.4,107.5
11,2013-2014,Los Angeles Lakers,0,82,19705,38.7,86.2,0.45,9.6,25.1,0.381,29.2,61.1,0.478,17.2,22.6,0.757,9.2,32.3,41.5,24.8,7.5,5.5,15.3,20.1,104.2
12,2013-2014,Miami Heat,1,82,19880,41.6,83.0,0.501,8.8,24.2,0.364,32.8,58.8,0.5579999999999999,18.9,24.9,0.76,8.3,31.7,40.0,24.4,9.7,4.9,16.0,21.1,110.9
13,2013-2014,Toronto Raptors,1,82,19955,39.2,88.0,0.445,9.3,25.1,0.37200000000000005,29.8,62.9,0.475,21.1,26.9,0.782,12.2,33.4,45.7,22.7,7.6,4.5,15.2,24.6,108.8
14,2013-2014,Detroit Pistons,0,82,19780,40.7,91.1,0.447,6.5,20.2,0.321,34.2,70.9,0.483,18.1,27.0,0.67,15.3,32.3,47.6,21.9,8.8,5.0,15.2,21.3,105.9
15,2013-2014,Atlanta Hawks,1,82,19830,39.1,85.5,0.45799999999999996,9.8,27.1,0.363,29.3,58.5,0.502,17.8,22.8,0.7809999999999999,9.1,32.8,41.9,26.1,8.7,4.2,16.0,20.2,105.9
16,2013-2014,Washington Wizards,1,82,20055,40.8,88.8,0.45899999999999996,8.3,21.9,0.38,32.5,67.0,0.485,16.1,22.0,0.731,11.4,33.0,44.4,24.5,8.6,4.8,15.5,21.5,106.0
17,2013-2014,Sacramento Kings,0,82,19830,38.8,86.8,0.447,6.3,18.9,0.33299999999999996,32.5,67.9,0.479,21.8,28.7,0.759,12.7,34.1,46.8,19.8,7.5,4.1,16.0,23.7,105.7
18,2013-2014,New Orleans Pelicans,0,82,19855,40.7,88.7,0.45899999999999996,6.4,17.1,0.373,34.3,71.6,0.479,19.5,25.4,0.769,12.2,32.6,44.8,22.9,8.5,6.9,14.8,24.4,107.2
19,2013-2014,Philadelphia 76ers,0,82,19855,37.9,87.2,0.435,7.0,22.5,0.312,30.9,64.6,0.47700000000000004,16.6,23.4,0.71,11.6,31.2,42.7,21.8,9.3,4.0,16.9,22.5,99.4
20,2013-2014,New York Knicks,0,82,19855,40.5,90.2,0.449,10.2,27.3,0.37200000000000005,30.4,63.0,0.48200000000000004,17.0,22.4,0.7609999999999999,11.7,32.6,44.3,22.0,8.5,4.9,14.2,24.3,108.3
21,2013-2014,Brooklyn Nets,1,82,19880,38.7,84.4,0.45899999999999996,9.4,25.4,0.369,29.3,59.0,0.49700000000000005,19.9,26.4,0.753,9.5,31.8,41.3,22.6,9.3,4.1,15.7,23.5,106.7
22,2013-2014,Cleveland Cavaliers,0,82,19930,39.3,90.0,0.43700000000000006,7.6,21.2,0.35600000000000004,31.7,68.7,0.461,18.1,24.1,0.7509999999999999,12.8,34.0,46.8,22.5,7.5,3.9,15.0,21.2,104.2
23,2013-2014,Charlotte Bobcats,1,82,19905,38.8,87.8,0.442,6.7,19.2,0.35100000000000003,32.1,68.6,0.46799999999999997,19.2,26.1,0.737,10.1,35.5,45.6,23.2,6.5,5.5,13.2,19.5,103.6
24,2013-2014,Indiana Pacers,1,82,19780,38.7,86.2,0.449,7.2,20.2,0.35700000000000004,31.5,66.0,0.47700000000000004,19.5,25.0,0.779,10.9,37.1,48.1,21.7,7.2,5.9,16.2,22.0,104.1
25,2013-2014,Orlando Magic,0,82,19955,38.8,87.1,0.445,7.2,20.5,0.353,31.6,66.6,0.474,16.8,22.0,0.763,10.2,34.1,44.3,22.2,8.1,4.5,15.7,21.6,101.7
26,2013-2014,Boston Celtics,0,82,19730,39.1,89.7,0.435,7.5,22.5,0.33299999999999996,31.6,67.2,0.47,17.3,22.2,0.777,12.8,32.7,45.4,22.5,7.6,4.5,16.4,22.7,102.9
27,2013-2014,Memphis Grizzlies,1,82,19805,42.1,90.7,0.46399999999999997,5.5,15.5,0.353,36.6,75.2,0.48700000000000004,16.7,22.5,0.741,12.8,34.1,46.9,24.2,8.5,5.1,15.2,21.1,106.3
28,2013-2014,Milwaukee Bucks,0,82,19880,38.8,88.6,0.43799999999999994,7.2,20.4,0.353,31.6,68.2,0.46399999999999997,18.1,24.2,0.747,12.8,31.6,44.3,23.2,7.1,5.3,16.3,22.5,103.0
29,2013-2014,Utah Jazz,0,82,19780,39.2,88.3,0.444,7.2,20.9,0.344,32.0,67.4,0.474,17.9,23.9,0.747,12.0,32.9,44.9,22.1,7.6,4.9,15.9,22.6,103.5
30,2013-2014,Chicago Bulls,1,82,19930,38.0,87.8,0.43200000000000005,6.8,19.5,0.348,31.2,68.3,0.456,19.8,25.5,0.779,12.5,35.8,48.3,24.8,7.9,5.7,16.3,20.9,102.5
1,2014-2015,Golden State Warriors,1,82,19730,42.2,88.3,0.478,10.9,27.4,0.39799999999999996,31.3,60.9,0.514,16.3,21.2,0.768,10.6,34.8,45.4,27.8,9.4,6.1,14.7,20.2,111.6
2,2014-2015,Los Angeles Clippers,1,82,19730,41.5,87.7,0.473,10.6,28.3,0.376,30.8,59.4,0.519,18.9,26.5,0.71,10.1,34.8,44.9,26.1,8.2,5.3,13.0,22.5,112.4
3,2014-2015,Dallas Mavericks,1,82,19880,41.3,89.3,0.46299999999999997,9.3,26.4,0.35200000000000004,32.0,62.8,0.509,17.6,23.4,0.752,10.9,33.1,44.0,23.4,8.4,4.7,13.5,20.9,109.5
4,2014-2015,Toronto Raptors,1,82,19855,40.5,88.9,0.455,9.5,26.8,0.35200000000000004,31.0,62.1,0.499,20.6,26.2,0.787,11.5,32.9,44.4,22.1,8.0,4.6,13.8,22.3,111.0
5,2014-2015,Oklahoma City Thunder,0,82,19830,40.3,90.0,0.447,8.0,23.6,0.33899999999999997,32.3,66.4,0.486,19.3,25.5,0.754,13.3,36.0,49.3,21.3,7.6,5.7,15.2,23.1,107.8
6,2014-2015,Houston Rockets,1,82,19805,38.1,85.8,0.444,11.7,33.6,0.348,26.3,52.1,0.506,19.1,26.8,0.715,12.0,32.9,45.0,22.8,9.8,5.1,17.1,22.6,107.0
7,2014-2015,San Antonio Spurs,1,82,19955,41.1,87.9,0.46799999999999997,8.7,23.7,0.36700000000000005,32.5,64.2,0.505,17.5,22.5,0.78,10.3,35.6,45.9,25.7,8.4,5.7,14.7,20.1,108.5
8,2014-2015,Cleveland Cavaliers,1,82,19780,40.6,88.6,0.45799999999999996,10.9,29.6,0.36700000000000005,29.7,58.9,0.504,19.1,25.4,0.7509999999999999,12.0,34.3,46.3,23.8,7.9,4.5,15.4,19.8,111.1
9,2014-2015,Portland Trail Blazers,1,82,19855,40.7,90.4,0.45,10.4,28.6,0.36200000000000004,30.4,61.8,0.491,16.3,20.4,0.8009999999999999,11.3,37.0,48.2,23.1,6.7,4.8,14.3,19.2,108.2
10,2014-2015,Atlanta Hawks,1,82,19730,40.4,86.7,0.466,10.6,27.9,0.38,29.8,58.9,0.506,17.5,22.5,0.778,9.3,33.8,43.1,27.3,9.6,4.9,15.1,18.9,108.9
11,2014-2015,Phoenix Suns,0,82,19880,39.8,88.3,0.452,8.8,25.7,0.341,31.1,62.6,0.49700000000000005,16.8,22.2,0.76,11.2,33.1,44.4,20.8,8.8,4.8,15.5,21.9,105.3
12,2014-2015,Denver Nuggets,0,82,19880,38.9,89.9,0.433,8.3,25.5,0.325,30.6,64.4,0.47600000000000003,18.4,25.0,0.7340000000000001,12.7,33.3,46.0,22.5,8.1,4.6,14.6,23.6,104.5
13,2014-2015,Boston Celtics,1,82,19880,40.2,90.8,0.44299999999999995,8.3,25.5,0.327,31.9,65.4,0.488,15.9,21.1,0.754,11.5,33.8,45.3,25.3,8.5,3.7,14.3,21.9,104.7
14,2014-2015,Sacramento Kings,0,82,19855,38.2,83.9,0.455,5.8,17.1,0.341,32.3,66.8,0.484,23.2,30.4,0.762,11.3,34.6,45.9,21.1,7.0,4.1,16.9,21.5,105.3
15,2014-2015,Chicago Bulls,1,82,19880,39.0,88.4,0.442,8.4,23.7,0.353,30.7,64.7,0.474,21.1,26.9,0.7829999999999999,12.5,36.3,48.8,23.2,6.7,6.2,14.9,19.5,107.5
16,2014-2015,New Orleans Pelicans,1,82,19780,41.3,90.2,0.457,7.8,21.0,0.37,33.5,69.2,0.484,17.9,23.8,0.7509999999999999,12.5,34.8,47.3,24.0,7.3,6.8,14.4,20.3,108.2
17,2014-2015,Washington Wizards,1,82,19955,40.3,87.2,0.462,6.4,17.7,0.36,33.9,69.4,0.488,16.8,22.6,0.742,11.1,36.0,47.0,25.3,7.7,4.9,15.8,21.9,103.7
18,2014-2015,Detroit Pistons,0,82,19830,39.7,91.8,0.43200000000000005,9.2,26.6,0.344,30.5,65.1,0.46799999999999997,16.8,24.0,0.703,13.7,34.3,48.0,23.1,8.1,5.0,14.3,20.3,105.3
19,2014-2015,Los Angeles Lakers,0,82,19930,39.1,89.9,0.435,6.8,19.8,0.344,32.3,70.1,0.461,18.4,24.8,0.741,12.2,33.9,46.1,22.0,7.4,4.7,13.9,22.3,103.4
20,2014-2015,Memphis Grizzlies,1,82,19905,40.6,88.7,0.45799999999999996,5.5,16.3,0.33899999999999997,35.1,72.3,0.485,18.9,24.5,0.773,11.2,34.5,45.8,23.3,9.2,4.5,14.3,20.5,105.7
21,2014-2015,Brooklyn Nets,1,82,19930,39.9,88.4,0.451,7.0,21.2,0.331,32.8,67.2,0.489,17.6,23.6,0.748,11.0,34.1,45.1,22.3,7.5,4.4,14.7,20.5,104.4
22,2014-2015,Milwaukee Bucks,1,82,19930,39.5,86.0,0.45899999999999996,7.0,19.2,0.363,32.5,66.8,0.486,16.8,22.2,0.757,11.2,32.9,44.2,24.7,10.1,5.2,17.6,23.2,102.7
23,2014-2015,Minnesota Timberwolves,0,82,19805,38.3,87.5,0.43799999999999994,5.2,15.7,0.332,33.1,71.8,0.461,21.0,27.1,0.7759999999999999,12.2,30.9,43.1,22.7,8.6,4.2,15.8,20.2,102.9
24,2014-2015,Indiana Pacers,0,82,19855,38.9,88.5,0.439,7.9,22.6,0.35200000000000004,31.0,66.0,0.469,17.8,23.6,0.7559999999999999,11.1,36.6,47.7,22.8,6.6,4.9,14.9,22.6,103.5
25,2014-2015,Orlando Magic,0,82,19755,39.8,87.9,0.45299999999999996,7.2,20.7,0.34700000000000003,32.6,67.2,0.486,14.8,20.3,0.7290000000000001,10.6,33.7,44.4,21.9,8.4,4.1,15.8,22.2,101.6
26,2014-2015,Utah Jazz,0,82,19705,39.1,87.5,0.447,8.2,24.0,0.34299999999999997,30.9,63.5,0.486,18.7,26.0,0.721,13.3,35.3,48.6,22.0,8.4,6.6,16.9,21.3,105.1
27,2014-2015,Miami Heat,0,82,19730,38.6,84.7,0.456,7.4,22.2,0.335,31.2,62.5,0.499,19.2,26.0,0.741,10.0,32.9,42.9,21.8,8.6,5.0,16.2,21.9,103.9
28,2014-2015,Charlotte Hornets,0,82,19905,37.8,89.9,0.42,6.5,20.3,0.318,31.3,69.6,0.45,18.1,24.2,0.748,10.6,36.2,46.9,21.5,6.5,5.8,12.7,19.4,100.1
29,2014-2015,Philadelphia 76ers,0,82,19805,35.0,85.8,0.408,8.8,27.3,0.32,26.2,58.4,0.449,16.7,24.7,0.6759999999999999,12.4,32.1,44.5,21.3,10.0,6.2,18.4,22.5,95.5
30,2014-2015,New York Knicks,0,82,19855,38.2,89.2,0.428,7.4,21.4,0.34700000000000003,30.8,67.8,0.45399999999999996,16.1,20.9,0.769,11.5,32.4,43.9,23.1,7.6,5.1,16.0,23.4,99.9
1,2015-2016,Golden State Warriors,1,82,19880,42.4,87.0,0.48700000000000004,13.1,31.5,0.41600000000000004,29.3,55.5,0.528,16.6,21.8,0.763,9.9,36.1,46.0,28.8,8.4,6.1,15.1,20.7,114.5
2,2015-2016,Oklahoma City Thunder,1,82,19830,42.2,88.6,0.47600000000000003,8.5,24.3,0.349,33.7,64.3,0.524,20.2,25.9,0.782,13.4,36.5,49.9,23.6,7.5,6.1,16.3,21.2,113.1
3,2015-2016,Sacramento Kings,0,82,19805,39.8,85.9,0.46399999999999997,8.0,22.3,0.359,31.8,63.6,0.5,18.4,25.3,0.725,10.5,33.5,44.0,24.4,8.9,4.5,16.1,20.3,106.0
4,2015-2016,Houston Rockets,1,82,19830,38.4,84.9,0.452,10.9,31.4,0.34700000000000003,27.5,53.5,0.514,20.7,29.8,0.6940000000000001,11.5,32.2,43.8,22.6,10.2,5.3,16.2,22.2,108.3
5,2015-2016,Boston Celtics,1,82,19780,39.6,90.2,0.439,8.8,26.4,0.335,30.8,63.8,0.483,18.7,23.8,0.7879999999999999,11.7,33.7,45.4,24.4,9.3,4.3,13.9,22.1,106.8
6,2015-2016,Portland Trail Blazers,1,82,19805,40.0,88.9,0.45,10.9,29.5,0.37,29.1,59.4,0.49,18.0,23.8,0.754,12.0,35.1,47.1,22.1,7.1,4.8,15.1,22.5,108.8
7,2015-2016,Los Angeles Clippers,1,82,19830,39.7,85.4,0.465,10.1,27.7,0.364,29.6,57.7,0.513,18.8,27.2,0.6920000000000001,9.1,34.5,43.6,23.7,9.0,5.8,13.4,22.1,108.3
8,2015-2016,Cleveland Cavaliers,1,82,19855,41.1,89.3,0.46,11.4,31.5,0.36200000000000004,29.7,57.8,0.514,17.3,23.1,0.748,11.3,36.0,47.3,24.1,7.1,4.1,14.4,21.6,110.9
9,2015-2016,Washington Wizards,0,82,19755,40.0,86.8,0.46,8.7,24.5,0.358,31.2,62.3,0.501,16.6,22.8,0.73,9.2,33.2,42.3,24.7,8.7,4.0,14.6,21.1,105.3
10,2015-2016,San Antonio Spurs,1,82,19705,42.7,88.3,0.484,7.4,19.7,0.375,35.3,68.6,0.515,17.4,21.7,0.8029999999999999,10.0,36.8,46.8,26.1,8.8,6.3,13.9,18.6,110.3
11,2015-2016,Charlotte Hornets,1,82,19855,38.4,87.5,0.439,11.0,30.5,0.36200000000000004,27.3,57.0,0.479,19.4,24.5,0.79,9.3,36.3,45.5,22.5,7.5,5.5,13.0,18.8,107.1
12,2015-2016,Atlanta Hawks,1,82,19830,39.5,86.3,0.45799999999999996,10.2,29.0,0.35,29.3,57.3,0.512,16.0,20.4,0.7829999999999999,8.5,34.5,43.0,26.2,9.3,6.1,15.3,19.6,105.1
13,2015-2016,New Orleans Pelicans,0,82,19780,39.5,88.3,0.44799999999999995,8.8,24.5,0.36,30.7,63.8,0.48200000000000004,17.7,22.9,0.7759999999999999,9.8,34.0,43.8,22.8,7.9,4.3,13.8,21.5,105.6
14,2015-2016,Toronto Raptors,1,82,19780,39.3,87.1,0.451,9.2,25.0,0.37,30.0,62.1,0.483,22.2,28.6,0.777,10.9,35.6,46.5,20.1,8.3,5.9,14.0,21.0,110.0
15,2015-2016,Minnesota Timberwolves,0,82,19880,39.2,84.5,0.46399999999999997,5.8,17.1,0.33799999999999997,33.5,67.5,0.496,22.2,28.1,0.792,10.4,32.8,43.2,24.3,8.3,4.8,15.6,21.5,106.5
16,2015-2016,Dallas Mavericks,1,82,20005,39.0,87.8,0.444,10.3,29.8,0.344,28.7,58.0,0.495,18.5,23.3,0.794,9.6,35.4,44.9,23.1,7.1,3.9,13.3,20.3,106.7
17,2015-2016,Indiana Pacers,1,82,19880,39.3,87.3,0.45,8.3,23.6,0.35100000000000003,31.0,63.7,0.486,17.9,23.4,0.764,10.6,34.7,45.3,21.7,9.3,4.9,15.2,20.5,104.6
18,2015-2016,Orlando Magic,0,82,19905,40.7,89.4,0.455,8.0,22.8,0.35,32.7,66.6,0.49200000000000005,15.7,20.7,0.757,10.6,34.0,44.6,24.3,8.5,5.2,14.5,21.4,105.1
19,2015-2016,Detroit Pistons,1,82,19880,39.5,90.0,0.439,9.4,27.3,0.345,30.1,62.7,0.48,17.8,26.6,0.6679999999999999,13.0,35.3,48.2,20.2,7.3,3.9,14.1,19.8,106.1
20,2015-2016,Denver Nuggets,0,82,19830,39.1,88.5,0.442,8.3,24.6,0.33799999999999997,30.8,64.0,0.48200000000000004,19.1,25.0,0.7659999999999999,11.9,34.4,46.3,23.5,7.7,5.0,15.2,21.8,105.6
21,2015-2016,Chicago Bulls,0,82,19905,39.9,90.3,0.441,8.2,22.1,0.371,31.7,68.2,0.46399999999999997,17.1,21.7,0.787,11.4,36.4,47.8,23.6,6.2,5.9,14.4,19.5,105.0
22,2015-2016,Phoenix Suns,0,82,19705,37.7,86.8,0.435,9.1,26.2,0.348,28.6,60.6,0.47200000000000003,17.7,23.5,0.7509999999999999,11.7,33.8,45.4,21.0,7.8,3.9,17.4,23.0,102.2
23,2015-2016,Miami Heat,1,82,19830,40.7,86.6,0.47,6.4,19.1,0.336,34.3,67.5,0.508,18.2,24.4,0.7440000000000001,10.4,36.4,46.8,22.1,7.2,6.9,14.9,19.4,106.1
24,2015-2016,Memphis Grizzlies,1,82,19830,39.2,89.0,0.44,6.5,19.7,0.331,32.6,69.3,0.47100000000000003,20.6,26.3,0.7829999999999999,11.9,32.4,44.3,22.0,9.4,4.5,14.1,23.1,105.4
25,2015-2016,Milwaukee Bucks,0,82,19830,40.4,86.6,0.467,5.7,16.4,0.345,34.7,70.2,0.495,17.9,23.9,0.747,11.0,32.9,43.9,24.3,8.6,6.1,16.0,21.8,104.3
26,2015-2016,Brooklyn Nets,0,82,19755,40.0,88.3,0.45299999999999996,6.8,19.2,0.35200000000000004,33.2,69.0,0.48100000000000004,16.4,21.7,0.757,11.0,33.3,44.4,23.3,8.0,4.2,15.5,18.8,103.2
27,2015-2016,New York Knicks,0,82,19805,39.2,89.3,0.439,7.9,22.9,0.34600000000000003,31.3,66.5,0.47100000000000003,18.3,22.7,0.805,11.0,36.2,47.2,21.8,6.1,6.0,14.3,21.0,104.6
28,2015-2016,Utah Jazz,0,82,19955,39.1,87.1,0.449,9.2,25.9,0.355,29.9,61.3,0.488,18.5,24.9,0.7440000000000001,11.6,35.2,46.9,20.6,8.3,5.6,16.2,21.9,105.9
29,2015-2016,Philadelphia 76ers,0,82,19805,36.7,85.2,0.431,9.5,27.9,0.33899999999999997,27.3,57.3,0.47600000000000003,15.9,22.9,0.6940000000000001,9.6,32.2,41.8,21.8,8.4,6.1,16.6,22.0,98.8
30,2015-2016,Los Angeles Lakers,0,82,19730,36.7,88.5,0.414,8.1,25.7,0.317,28.5,62.9,0.45399999999999996,20.1,25.8,0.7809999999999999,11.2,33.7,44.8,18.8,7.5,4.3,14.3,21.2,101.6
1,2016-2017,Golden State Warriors,1,82,19780,43.0,86.8,0.495,11.9,31.2,0.38299999999999995,31.0,55.7,0.557,17.7,22.5,0.7879999999999999,9.4,34.9,44.3,30.3,9.5,6.7,14.7,19.3,115.6
2,2016-2017,Houston Rockets,1,82,19780,40.1,86.8,0.462,14.3,40.1,0.35700000000000004,25.8,46.7,0.552,20.2,26.4,0.7659999999999999,10.8,33.3,44.1,25.1,8.1,4.3,15.0,19.8,114.7
3,2016-2017,Denver Nuggets,0,82,19755,41.7,88.9,0.469,10.8,29.2,0.368,31.0,59.7,0.519,19.0,24.5,0.774,11.9,35.1,47.0,25.7,7.0,4.0,15.2,19.4,113.2
4,2016-2017,Cleveland Cavaliers,1,82,19880,41.1,87.4,0.47,13.4,34.9,0.384,27.7,52.5,0.528,18.0,24.0,0.748,9.6,35.4,45.0,23.3,6.8,4.1,14.1,18.7,113.6
5,2016-2017,Washington Wizards,1,82,19855,42.1,88.6,0.475,9.4,25.2,0.37200000000000005,32.7,63.4,0.515,17.6,22.5,0.784,10.5,33.2,43.6,24.3,8.6,4.2,14.4,21.7,111.2
6,2016-2017,Los Angeles Clippers,1,82,19755,41.0,86.3,0.475,10.6,28.4,0.375,30.4,57.9,0.525,20.1,26.9,0.745,9.3,35.3,44.6,23.4,7.7,4.4,13.4,20.6,112.7
7,2016-2017,Boston Celtics,1,82,19755,39.8,87.6,0.45399999999999996,12.4,34.4,0.359,27.4,53.2,0.515,19.3,23.9,0.807,9.3,33.9,43.2,26.0,7.7,4.3,13.7,21.2,111.2
8,2016-2017,Portland Trail Blazers,1,82,19930,40.4,87.9,0.45899999999999996,10.6,28.3,0.375,29.8,59.6,0.499,18.8,24.2,0.78,10.3,34.3,44.6,21.6,7.2,5.1,14.0,21.6,110.3
9,2016-2017,Phoenix Suns,0,82,19830,39.5,87.6,0.45,7.4,22.4,0.332,32.0,65.3,0.491,20.2,26.1,0.7759999999999999,11.8,32.7,44.5,19.4,8.1,4.8,15.3,24.5,106.6
10,2016-2017,Toronto Raptors,1,82,19780,41.1,88.6,0.46399999999999997,9.3,25.6,0.363,31.9,63.1,0.505,20.7,26.0,0.7959999999999999,11.2,34.3,45.4,19.4,8.7,5.1,13.3,21.9,112.3
11,2016-2017,Oklahoma City Thunder,1,82,19805,40.1,88.8,0.452,8.6,26.2,0.327,31.5,62.6,0.504,19.5,26.2,0.745,12.4,34.9,47.4,21.3,8.0,5.1,15.2,21.2,108.3
12,2016-2017,Brooklyn Nets,0,82,19755,37.2,83.8,0.444,10.5,31.1,0.33799999999999997,26.7,52.7,0.506,19.1,24.2,0.7879999999999999,8.7,34.5,43.2,21.1,7.1,4.6,16.3,20.7,104.1
13,2016-2017,Minnesota Timberwolves,0,82,19805,41.4,88.6,0.467,7.7,22.1,0.349,33.7,66.6,0.507,20.3,25.4,0.799,12.0,32.5,44.5,24.8,8.4,4.7,14.7,21.1,110.8
14,2016-2017,San Antonio Spurs,1,82,19805,41.5,88.3,0.469,9.7,24.8,0.391,31.8,63.5,0.5,18.5,23.2,0.797,10.6,35.7,46.3,25.1,8.4,6.2,14.2,19.3,111.1
15,2016-2017,Indiana Pacers,1,82,19855,40.6,87.4,0.465,8.9,23.8,0.376,31.7,63.6,0.498,18.5,22.8,0.81,9.4,34.1,43.4,23.2,8.4,5.2,14.2,20.1,108.6
16,2016-2017,Charlotte Hornets,0,82,19830,39.1,88.5,0.442,10.4,29.7,0.35100000000000003,28.7,58.9,0.488,20.1,24.7,0.815,9.1,36.1,45.2,23.9,7.2,4.9,11.9,17.2,108.8
17,2016-2017,Los Angeles Lakers,0,82,19705,39.9,88.6,0.45,9.0,26.1,0.34600000000000003,30.8,62.5,0.493,17.3,22.9,0.754,11.5,32.6,44.1,21.2,8.3,4.0,15.4,21.0,106.0
18,2016-2017,New Orleans Pelicans,0,82,19905,39.5,87.7,0.45,9.4,27.0,0.35,30.0,60.7,0.495,16.8,22.4,0.75,8.6,35.4,44.1,23.0,7.8,5.6,13.0,18.3,105.2
19,2016-2017,New York Knicks,0,82,19855,40.9,91.4,0.447,8.9,25.5,0.348,32.0,65.9,0.485,17.2,21.8,0.7879999999999999,12.4,34.3,46.7,22.5,7.3,5.7,14.3,21.0,107.7
20,2016-2017,Milwaukee Bucks,1,82,19780,40.9,86.2,0.474,9.2,25.0,0.37,31.6,61.2,0.516,18.1,23.6,0.768,9.3,33.2,42.5,25.5,8.6,5.6,14.7,21.3,109.1
21,2016-2017,Miami Heat,0,82,19780,40.8,89.7,0.455,10.3,28.2,0.365,30.5,61.5,0.496,15.9,22.5,0.706,11.1,34.5,45.6,22.2,7.5,6.0,14.0,21.4,107.8
22,2016-2017,Atlanta Hawks,1,82,19880,38.7,85.8,0.451,9.0,26.5,0.341,29.7,59.3,0.501,18.4,25.3,0.728,10.4,34.6,45.1,24.0,8.3,4.9,16.0,18.5,104.9
23,2016-2017,Chicago Bulls,1,82,19780,40.4,90.9,0.444,7.9,23.3,0.34,32.4,67.6,0.479,18.8,23.5,0.7979999999999999,12.7,35.6,48.3,23.6,8.2,5.0,14.2,18.5,107.4
24,2016-2017,Sacramento Kings,0,82,19880,39.5,85.7,0.461,9.4,24.9,0.376,30.1,60.8,0.496,18.9,24.3,0.775,9.1,33.7,42.8,23.5,8.0,4.1,15.3,21.2,107.3
25,2016-2017,Philadelphia 76ers,0,82,19830,37.9,85.9,0.442,10.2,30.0,0.34,27.7,55.9,0.496,17.1,22.2,0.7709999999999999,9.9,33.2,43.2,23.9,8.5,5.2,16.8,22.0,103.2
26,2016-2017,Detroit Pistons,0,82,19805,41.7,92.9,0.449,8.0,24.4,0.33,33.6,68.5,0.49200000000000005,14.5,20.2,0.7190000000000001,11.6,36.2,47.8,22.1,7.3,4.0,12.4,18.7,106.0
27,2016-2017,Orlando Magic,0,82,19805,39.3,89.3,0.44,8.8,26.8,0.32799999999999996,30.5,62.5,0.488,16.4,21.9,0.747,10.1,34.2,44.3,22.8,7.3,5.0,13.7,19.8,103.7
28,2016-2017,Utah Jazz,1,82,19755,40.2,86.5,0.466,10.5,28.2,0.37200000000000005,29.8,58.2,0.511,18.6,24.9,0.747,10.2,36.8,47.0,21.9,7.3,5.4,14.8,20.5,109.6
29,2016-2017,Memphis Grizzlies,1,82,19905,39.0,89.6,0.435,10.0,28.3,0.354,29.0,61.2,0.473,19.7,25.1,0.784,11.6,34.3,45.8,22.8,8.5,4.5,13.8,24.0,107.7
30,2016-2017,Dallas Mavericks,0,82,19780,39.0,88.8,0.44,11.6,32.5,0.355,27.5,56.3,0.489,16.0,19.9,0.8009999999999999,8.5,33.1,41.6,22.4,8.1,4.0,12.8,20.6,105.6
1,2017-2018,Golden State Warriors,1,82,19730,42.9,85.3,0.503,11.3,28.9,0.391,31.5,56.3,0.56,16.6,20.4,0.815,8.4,35.1,43.6,29.3,8.0,7.5,15.5,19.6,113.6
2,2017-2018,Houston Rockets,1,82,19755,39.5,86.0,0.46,15.6,43.2,0.36200000000000004,23.9,42.8,0.5579999999999999,20.0,25.7,0.7809999999999999,9.2,35.2,44.4,22.0,8.7,4.9,14.1,19.9,114.7
3,2017-2018,New Orleans Pelicans,1,82,19955,41.9,86.6,0.483,10.0,27.7,0.36200000000000004,31.9,59.0,0.54,15.8,20.5,0.772,8.5,35.0,43.5,26.3,7.9,5.8,14.6,18.8,109.6
4,2017-2018,Toronto Raptors,1,82,19830,42.0,89.1,0.47200000000000003,12.0,33.6,0.358,30.0,55.5,0.541,17.7,22.2,0.794,9.9,34.9,44.8,24.8,7.8,6.2,13.6,22.2,113.8
5,2017-2018,Cleveland Cavaliers,1,82,19730,41.1,86.3,0.47600000000000003,12.2,32.7,0.37200000000000005,28.9,53.6,0.54,18.5,23.7,0.779,8.6,34.3,42.9,23.8,7.2,3.9,14.0,18.9,112.9
6,2017-2018,Denver Nuggets,0,82,19880,41.6,88.5,0.47,11.7,31.6,0.371,29.9,56.9,0.525,17.5,22.8,0.767,11.2,34.3,45.5,25.7,7.8,5.0,15.3,19.1,112.5
7,2017-2018,Philadelphia 76ers,1,82,19780,40.7,86.3,0.47200000000000003,11.0,29.7,0.369,29.8,56.6,0.526,17.1,22.7,0.752,10.9,36.4,47.3,27.0,8.3,5.1,16.4,22.0,109.5
8,2017-2018,Minnesota Timberwolves,1,82,19805,42.5,89.2,0.47600000000000003,8.3,23.3,0.35700000000000004,34.2,65.9,0.519,20.1,25.0,0.804,10.7,32.7,43.4,23.5,8.7,4.4,12.9,18.9,113.4
9,2017-2018,Los Angeles Clippers,0,82,19705,40.7,86.4,0.47100000000000003,9.6,27.1,0.354,31.2,59.3,0.525,19.2,25.8,0.743,10.3,34.1,44.4,22.6,7.7,4.6,14.9,20.2,110.3
10,2017-2018,Charlotte Hornets,0,82,19780,39.4,87.6,0.45,10.2,27.5,0.369,29.3,60.1,0.48700000000000004,20.4,27.3,0.747,10.2,35.8,46.0,21.8,6.9,4.6,12.8,17.4,109.4
11,2017-2018,Los Angeles Lakers,0,82,19905,40.1,87.1,0.461,9.9,28.6,0.345,30.2,58.4,0.517,16.4,23.0,0.7140000000000001,10.5,35.2,45.7,23.4,7.6,4.7,15.6,20.9,106.5
12,2017-2018,Oklahoma City Thunder,1,82,19830,40.9,90.4,0.45299999999999996,11.0,31.2,0.354,29.9,59.2,0.505,17.8,24.8,0.716,12.8,33.4,46.2,21.9,9.3,5.2,14.4,20.7,110.7
13,2017-2018,Washington Wizards,1,82,19855,41.0,87.8,0.467,10.2,27.2,0.375,30.8,60.6,0.508,17.2,22.3,0.772,10.3,33.9,44.2,25.8,8.1,4.4,15.0,21.8,109.3
14,2017-2018,Brooklyn Nets,0,82,19855,38.3,87.0,0.441,12.7,35.7,0.35600000000000004,25.6,51.2,0.5,17.5,22.6,0.772,9.7,34.9,44.6,23.7,6.3,4.8,15.2,20.6,106.9
15,2017-2018,Milwaukee Bucks,1,82,19830,41.0,85.6,0.478,9.0,25.5,0.355,31.9,60.1,0.531,18.8,24.1,0.7829999999999999,8.7,32.4,41.1,24.0,9.1,5.6,14.3,22.0,109.8
16,2017-2018,Portland Trail Blazers,1,82,19755,40.6,89.8,0.452,10.6,29.1,0.366,29.9,60.7,0.493,17.3,21.6,0.8,10.5,36.4,46.9,20.1,7.2,5.3,14.0,20.1,109.1
17,2017-2018,Indiana Pacers,1,82,19755,42.3,89.6,0.47200000000000003,9.4,25.4,0.369,32.9,64.2,0.513,15.5,19.9,0.779,10.0,34.0,43.9,23.0,9.1,4.3,13.8,19.5,109.5
18,2017-2018,New York Knicks,0,82,19830,41.7,89.9,0.46399999999999997,8.4,23.9,0.35200000000000004,33.3,66.0,0.504,15.3,19.5,0.787,10.7,34.4,45.1,23.9,6.9,5.3,15.1,21.0,107.1
19,2017-2018,Utah Jazz,1,82,19755,39.8,86.3,0.462,11.3,30.8,0.366,28.6,55.5,0.515,17.5,22.4,0.779,9.4,35.6,45.0,23.3,9.0,5.3,15.3,20.4,108.4
20,2017-2018,Boston Celtics,1,82,19805,39.6,88.0,0.45,11.8,31.4,0.377,27.8,56.6,0.491,16.5,21.4,0.7709999999999999,9.7,36.3,46.0,23.2,7.6,4.7,14.5,20.4,107.6
21,2017-2018,Phoenix Suns,0,82,19705,38.3,86.7,0.442,9.3,27.8,0.33399999999999996,29.0,59.0,0.49200000000000005,17.6,23.8,0.741,10.2,33.7,43.9,21.2,6.9,4.5,15.7,21.9,103.5
22,2017-2018,Detroit Pistons,0,82,19805,40.4,89.8,0.45,11.2,29.9,0.373,29.2,59.9,0.488,15.2,20.4,0.745,10.5,34.7,45.2,23.5,7.9,4.0,13.9,19.0,107.2
23,2017-2018,Miami Heat,1,82,19930,40.1,88.1,0.455,11.4,31.6,0.36,28.7,56.6,0.508,15.2,20.2,0.755,9.6,35.3,44.9,23.5,7.8,5.5,14.9,20.8,106.8
24,2017-2018,Orlando Magic,0,82,19730,39.5,87.4,0.452,10.5,29.8,0.35100000000000003,29.0,57.5,0.504,15.8,20.8,0.757,9.0,33.4,42.4,23.8,7.7,5.0,14.8,19.6,105.2
25,2017-2018,Atlanta Hawks,0,82,19705,38.8,86.9,0.446,11.4,31.5,0.36,27.4,55.4,0.495,16.1,20.5,0.785,9.2,33.4,42.6,24.1,7.9,4.3,15.8,19.9,105.0
26,2017-2018,Chicago Bulls,0,82,19855,39.0,89.6,0.435,11.1,31.3,0.355,27.8,58.2,0.478,14.7,19.4,0.759,9.7,35.3,45.0,23.6,7.7,3.6,14.1,19.3,103.8
27,2017-2018,San Antonio Spurs,1,82,19730,41.0,89.6,0.457,8.9,25.3,0.35200000000000004,32.1,64.3,0.499,17.0,22.0,0.772,10.9,35.6,46.4,23.9,8.0,5.9,13.8,18.0,107.9
28,2017-2018,Dallas Mavericks,0,82,19805,39.6,89.2,0.444,12.3,34.1,0.36,27.4,55.2,0.496,14.8,19.4,0.763,8.4,34.4,42.9,23.5,7.3,3.9,12.8,20.0,106.3
29,2017-2018,Memphis Grizzlies,0,82,19705,38.7,87.1,0.444,9.7,27.6,0.35200000000000004,28.9,59.5,0.486,17.5,22.2,0.7859999999999999,10.0,32.6,42.6,22.7,7.9,5.1,15.7,24.4,104.5
30,2017-2018,Sacramento Kings,0,82,19755,40.7,90.4,0.45,9.4,25.2,0.375,31.2,65.2,0.479,12.9,17.5,0.735,9.9,33.0,42.9,22.6,8.2,4.4,14.4,21.0,103.7
1,2018-2019,Milwaukee Bucks,1,82,19780,41.8,87.8,0.47600000000000003,13.0,36.8,0.353,28.8,50.9,0.565,17.3,22.4,0.773,9.0,39.0,47.9,25.1,7.2,5.7,13.4,18.9,113.8
2,2018-2019,Golden State Warriors,1,82,19805,43.4,88.4,0.491,13.1,33.9,0.385,30.3,54.5,0.557,16.1,20.1,0.8009999999999999,9.6,35.9,45.5,29.0,7.5,6.3,14.0,21.1,115.9
3,2018-2019,New Orleans Pelicans,0,82,19755,42.1,89.0,0.473,9.9,28.8,0.344,32.2,60.2,0.536,17.2,22.6,0.7609999999999999,10.7,34.9,45.6,26.1,7.2,5.2,14.3,20.4,111.4
4,2018-2019,Philadelphia 76ers,1,82,19805,40.6,86.2,0.47100000000000003,10.6,29.5,0.359,30.0,56.7,0.529,20.8,26.9,0.7709999999999999,10.6,36.1,46.7,26.3,7.2,5.2,14.6,20.8,112.6
5,2018-2019,Los Angeles Clippers,1,82,19830,40.3,85.4,0.47100000000000003,9.8,25.2,0.38799999999999996,30.5,60.2,0.507,22.1,27.8,0.792,9.5,34.9,44.4,23.4,6.7,4.6,14.2,22.8,112.4
6,2018-2019,Portland Trail Blazers,1,82,19855,42.3,90.6,0.467,11.0,30.7,0.359,31.3,59.8,0.523,19.0,23.3,0.8140000000000001,11.8,36.2,48.0,23.0,6.7,5.0,13.8,20.4,114.7
7,2018-2019,Oklahoma City Thunder,1,82,19855,41.1,90.6,0.45399999999999996,11.0,31.5,0.348,30.1,59.1,0.51,17.2,24.1,0.713,12.1,34.2,46.3,22.5,9.0,5.0,13.5,21.6,110.3
8,2018-2019,Toronto Raptors,1,82,19880,41.7,88.1,0.474,12.2,33.4,0.366,29.5,54.7,0.539,17.5,21.7,0.804,9.5,35.2,44.7,25.1,8.2,5.3,13.9,20.8,113.1
9,2018-2019,Sacramento Kings,0,82,19730,41.8,90.1,0.46399999999999997,10.9,29.0,0.37799999999999995,30.8,61.1,0.504,16.0,22.0,0.726,10.7,33.2,43.9,24.6,8.0,4.3,12.9,20.7,110.4
10,2018-2019,Washington Wizards,0,82,19930,41.1,87.8,0.46799999999999997,11.0,32.4,0.341,30.0,55.3,0.5429999999999999,17.9,23.3,0.768,9.4,31.8,41.3,25.6,8.1,4.5,13.7,20.2,111.1
11,2018-2019,Houston Rockets,1,82,19830,39.8,88.6,0.449,16.4,46.0,0.35600000000000004,23.4,42.6,0.551,19.6,24.7,0.7909999999999999,10.3,32.3,42.7,21.5,8.7,5.0,13.5,22.3,115.5
12,2018-2019,Atlanta Hawks,0,82,19855,39.5,87.6,0.451,12.4,35.3,0.35200000000000004,27.1,52.2,0.518,16.8,22.3,0.752,11.1,32.9,44.0,24.6,7.9,4.9,16.3,22.5,108.1
13,2018-2019,Minnesota Timberwolves,0,82,19830,41.2,90.4,0.456,10.0,28.5,0.35100000000000003,31.2,61.9,0.504,19.0,24.1,0.787,11.2,33.2,44.4,24.4,8.3,5.0,13.0,20.1,111.4
14,2018-2019,Boston Celtics,1,82,19780,42.0,90.4,0.465,12.6,34.4,0.365,29.5,55.9,0.527,15.6,19.5,0.802,9.8,34.7,44.5,26.2,8.6,5.3,12.8,20.3,112.2
15,2018-2019,Brooklyn Nets,1,82,19980,39.3,87.6,0.449,12.5,35.3,0.353,26.8,52.3,0.513,18.5,24.9,0.745,10.7,34.8,45.5,23.3,6.4,4.0,14.7,21.0,109.7
16,2018-2019,Los Angeles Lakers,0,82,19780,41.1,87.3,0.47,10.0,29.9,0.33299999999999996,31.1,57.5,0.541,15.7,22.5,0.6990000000000001,9.8,35.1,44.9,24.7,7.3,5.2,15.1,20.0,107.8
17,2018-2019,Utah Jazz,1,82,19755,40.1,85.8,0.46799999999999997,12.0,33.8,0.35600000000000004,28.1,52.0,0.541,18.7,25.3,0.736,9.9,36.1,46.0,25.8,8.0,5.8,15.0,20.9,110.9
18,2018-2019,San Antonio Spurs,1,82,19805,42.8,89.4,0.478,10.0,25.5,0.392,32.7,63.8,0.513,17.4,21.2,0.8190000000000001,9.3,35.9,45.2,24.8,6.2,4.8,12.2,18.3,112.9
19,2018-2019,Charlotte Hornets,0,82,19830,40.4,90.3,0.44799999999999995,12.0,34.1,0.35100000000000003,28.4,56.1,0.507,18.5,23.2,0.797,10.0,34.1,44.0,23.4,7.2,5.0,12.3,19.0,111.4
20,2018-2019,Denver Nuggets,1,82,19730,42.8,91.9,0.466,11.2,32.0,0.35100000000000003,31.6,59.9,0.527,16.1,21.3,0.755,12.1,35.3,47.3,27.9,7.9,4.5,13.7,20.5,113.0
21,2018-2019,Dallas Mavericks,0,82,19780,39.0,87.3,0.447,12.5,36.8,0.34,26.5,50.5,0.524,18.9,25.5,0.742,10.2,35.4,45.6,23.5,6.5,4.3,14.3,20.2,109.4
22,2018-2019,Indiana Pacers,1,82,19705,42.1,88.6,0.475,9.7,25.8,0.374,32.4,62.7,0.517,16.1,21.4,0.752,9.5,34.3,43.8,26.4,8.8,5.0,13.9,19.8,109.9
23,2018-2019,Phoenix Suns,0,82,19880,39.5,86.0,0.45899999999999996,9.5,28.8,0.32899999999999996,30.0,57.2,0.525,17.4,22.3,0.779,9.0,30.8,39.8,23.5,8.8,5.0,15.4,23.2,105.9
24,2018-2019,Orlando Magic,1,82,19780,41.0,90.4,0.45399999999999996,11.6,32.6,0.35600000000000004,29.4,57.8,0.509,15.2,19.5,0.782,10.2,35.9,46.1,25.9,6.7,5.5,13.4,18.9,108.9
25,2018-2019,Detroit Pistons,1,82,19855,39.5,89.9,0.44,12.3,35.4,0.348,27.2,54.4,0.5,17.6,23.5,0.747,11.6,34.2,45.8,22.9,7.1,4.1,14.1,22.5,109.0
26,2018-2019,Miami Heat,0,82,19730,40.3,89.4,0.45,11.5,32.9,0.349,28.8,56.5,0.509,15.3,22.1,0.695,11.4,35.6,47.1,24.7,7.8,5.5,15.0,21.2,107.3
27,2018-2019,Chicago Bulls,0,82,19905,39.8,87.8,0.45299999999999996,9.1,25.9,0.35100000000000003,30.7,61.9,0.496,16.2,20.6,0.7829999999999999,8.7,34.1,42.8,21.9,7.3,4.3,14.1,20.3,104.8
28,2018-2019,New York Knicks,0,82,19780,38.2,88.2,0.433,10.0,29.5,0.34,28.2,58.7,0.479,18.1,23.8,0.759,10.4,34.2,44.7,20.1,6.8,5.1,14.0,20.9,104.5
29,2018-2019,Cleveland Cavaliers,0,82,19755,40.1,90.3,0.444,10.6,30.0,0.355,29.4,60.3,0.488,16.9,21.3,0.792,11.0,32.9,44.0,21.3,6.7,2.5,13.9,20.6,107.7
30,2018-2019,Memphis Grizzlies,0,82,19880,38.9,86.5,0.45,10.1,29.6,0.342,28.8,56.9,0.505,18.2,23.5,0.772,9.0,33.8,42.8,24.5,8.5,5.6,14.3,22.5,106.1
