"bbref_id","height","weight","feet","inches"
"abdursh01",80.46875,225,6,8
"abrinal01",77.34375,200,6,5
"ackeral01",76.5625,185,6,5
"acyqu01",78.515625,240,6,7
"adamsha01",75.390625,220,6,3
"adamsja01",73.4375,190,6,1
"adamsjo01",76.5625,209,6,5
"adamsst01",83.203125,265,6,11
"adebaba01",81.25,255,6,9
"adelde01",78.515625,200,6,7
"adrieje01",78.515625,245,6,7
"afflaar01",76.5625,210,6,5
"agerma01",76.5625,202,6,5
"ahearbl01",73.4375,190,6,1
"ajincal01",85.15625,248,7,1
"akognjo01",70.3125,185,5,10
"akoonde01",77.34375,200,6,5
"alabiso01",84.375,251,7,0
"aldemfu01",81.25,240,6,9
"aldrico01",82.421875,250,6,10
"aldrila01",82.421875,260,6,10
"alexacl01",79.296875,245,6,7
"alexaco01",72.265625,185,6,0
"alexajo01",79.296875,230,6,7
"alkinra01",76.5625,225,6,5
"allengr01",76.5625,198,6,5
"allenja01",82.421875,237,6,10
"allenka01",74.21875,192,6,2
"allenla01",80.46875,260,6,8
"allenma01",81.25,255,6,9
"allenra02",76.5625,205,6,5
"allento01",75.390625,213,6,3
"allrela01",82.421875,250,6,10
"almonmo01",77.34375,225,6,5
"alstora01",73.4375,171,6,1
"aminual01",80.46875,220,6,8
"amundlo01",80.46875,220,6,8
"anderal01",77.34375,220,6,5
"anderan02",77.34375,215,6,5
"anderch01",81.25,245,6,9
"anderda03",82.421875,245,6,10
"anderde01",76.5625,194,6,5
"anderja01",77.34375,213,6,5
"anderju01",77.34375,230,6,5
"anderke01",71.484375,168,5,11
"anderky01",80.46875,230,6,8
"anderry01",81.25,240,6,9
"andersh01",77.34375,208,6,5
"andrima01",85.15625,240,7,1
"anigbik01",81.25,250,6,9
"antetgi01",82.421875,242,6,10
"antetko01",81.25,200,6,9
"antetth01",78.515625,205,6,7
"anthoca01",79.296875,240,6,7
"anthojo01",80.46875,245,6,8
"anticpe01",82.421875,260,6,10
"anunoog01",79.296875,232,6,7
"applike01",72.265625,185,6,0
"araujra01",82.421875,280,6,10
"arcidry01",74.21875,200,6,2
"arenagi01",74.21875,191,6,2
"arizatr01",79.296875,215,6,7
"armstda01",71.484375,170,5,11
"armsthi01",82.421875,235,6,10
"arroyca01",73.4375,202,6,1
"artesro01",77.34375,260,6,5
"arthuda01",80.46875,235,6,8
"artisja01",78.515625,213,6,7
"asikom01",83.203125,255,6,11
"atkinch01",70.3125,160,5,10
"augmost01",79.296875,205,6,7
"augusdj01",71.484375,183,5,11
"augusja01",81.25,235,6,9
"ayongu01",81.25,250,6,9
"aytonde01",84.375,250,7,0
"azubuke01",76.5625,220,6,5
"babbch01",76.5625,225,6,5
"babbilu01",80.46875,225,6,8
"bacondw01",78.515625,221,6,7
"baglema01",82.421875,234,6,10
"bairsca01",80.46875,250,6,8
"bakerma01",72.265625,175,6,0
"bakerro01",75.390625,220,6,3
"bakervi01",82.421875,232,6,10
"baldwwa01",75.390625,200,6,3
"balkmre01",79.296875,208,6,7
"balllo01",77.34375,190,6,5
"bambamo01",83.203125,221,6,11
"banksma01",73.4375,200,6,1
"barbole01",74.21875,194,6,2
"bareajo01",71.484375,185,5,11
"bargnan01",83.203125,245,6,11
"barneha02",79.296875,225,6,7
"barnema02",78.515625,226,6,7
"barrean01",69.53125,172,5,10
"barroea01",83.203125,250,6,11
"barrybr01",77.34375,185,6,5
"barryjo01",75.390625,195,6,3
"bartowi01",77.34375,190,6,5
"basdeed01",76.5625,215,6,5
"bassbr01",79.296875,250,6,7
"bastoma01",80.46875,215,6,8
"bateske01",80.46875,229,6,8
"batises01",81.25,270,6,9
"battish01",79.296875,220,6,7
"battito01",82.421875,230,6,10
"batumni01",79.296875,200,6,7
"baxtelo01",79.296875,260,6,7
"bayleje01",74.21875,200,6,2
"baynear01",81.25,260,6,9
"bazemke01",76.5625,201,6,5
"bealbr01",76.5625,207,6,5
"beaslma01",76.5625,195,6,5
"beaslmi01",80.46875,235,6,8
"beaubro01",71.484375,170,5,11
"belinma01",76.5625,210,6,5
"bellch01",74.21875,200,6,2
"belljo01",80.46875,224,6,8
"bellra01",76.5625,204,6,5
"bembrde01",77.34375,210,6,5
"bendedr01",84.375,225,7,0
"bendejo01",82.421875,202,6,10
"benimje01",79.296875,245,6,7
"bennean01",79.296875,245,6,7
"bensoke02",82.421875,240,6,10
"bentibe01",80.46875,235,6,8
"bertada01",81.25,225,6,9
"bertada02",75.390625,200,6,3
"besttr01",70.3125,182,5,10
"beverpa01",72.265625,185,6,0
"bhullsi01",88.28125,360,7,4
"bibbymi01",72.265625,190,6,0
"biedran01",82.421875,240,6,10
"billuch01",74.21875,202,6,2
"birchkh01",80.46875,233,6,8
"birdja01",77.34375,198,6,5
"biyombi01",80.46875,255,6,8
"bjeline01",81.25,234,6,9
"blackta01",80.46875,250,6,8
"blairde01",78.515625,270,6,7
"blakean01",75.390625,192,6,3
"blakest01",74.21875,172,6,2
"blalowi01",71.484375,205,5,11
"blatcan01",82.421875,235,6,10
"bledser01",72.265625,205,6,0
"blossja01",78.515625,220,6,7
"blounma01",83.203125,230,6,11
"blueva01",75.390625,200,6,3
"bobbito01",75.390625,190,6,3
"boganke01",76.5625,215,6,5
"bogdabo01",77.34375,205,6,5
"bogdabo02",79.296875,216,6,7
"bogutan01",83.203125,260,6,11
"boldejo01",81.25,220,6,9
"bolomjo01",80.46875,235,6,8
"bongais01",79.296875,180,6,7
"bonnema01",81.25,235,6,9
"bookede01",77.34375,210,6,5
"booketr01",79.296875,228,6,7
"boonejo01",81.25,237,6,9
"boothca01",82.421875,230,6,10
"boozeca01",80.46875,258,6,8
"borchcu01",83.203125,240,6,11
"boshch01",82.421875,235,6,10
"bouchch01",81.25,200,6,9
"bowenbr01",78.515625,185,6,7
"bowenry01",78.515625,215,6,7
"boykiea01",64.453125,135,5,4
"bozemce01",77.34375,207,6,5
"brackcr01",81.25,230,6,9
"bradlav01",73.4375,180,6,1
"bradlmi01",81.25,245,6,9
"bradlsh01",89.453125,235,7,5
"bradlto01",81.25,248,6,9
"braggto01",79.296875,245,6,7
"brandel01",79.296875,275,6,7
"breweco01",80.46875,186,6,8
"breweja01",75.390625,184,6,3
"brewero02",78.515625,220,6,7
"brezepr01",85.15625,252,7,1
"bridgmi01",78.515625,210,6,7
"bridgmi02",78.515625,225,6,7
"briscis01",74.21875,215,6,2
"brockjo01",78.515625,255,6,7
"broekry01",78.515625,215,6,7
"brogdma01",76.5625,229,6,5
"brookaa01",71.484375,161,5,11
"brookdi01",77.34375,220,6,5
"brookma01",76.5625,200,6,5
"brownan01",80.46875,245,6,8
"brownan02",78.515625,210,6,7
"brownbo02",73.4375,175,6,1
"brownbr01",76.5625,202,6,5
"brownda02",80.46875,200,6,8
"brownde02",76.5625,220,6,5
"brownde03",71.484375,185,5,11
"brownde04",78.515625,225,6,7
"brownja01",75.390625,215,6,3
"brownja02",78.515625,220,6,7
"brownke01",78.515625,222,6,7
"brownkw01",82.421875,270,6,10
"brownlo01",76.5625,189,6,5
"brownma02",74.21875,190,6,2
"brownpj01",82.421875,225,6,10
"brownsh01",75.390625,205,6,3
"brownst02",77.34375,232,6,5
"brownti01",73.4375,189,6,1
"browntr01",78.515625,215,6,7
"brunsja01",74.21875,190,6,2
"brunsri01",75.390625,190,6,3
"brussni01",78.515625,195,6,7
"bryanko01",77.34375,212,6,5
"bryanth01",82.421875,248,6,10
"buckngr01",75.390625,210,6,3
"budinch01",78.515625,209,6,7
"buforro01",76.5625,189,6,5
"bullore01",78.515625,205,6,7
"burkepa01",82.421875,250,6,10
"burketr01",72.265625,175,6,0
"burksal01",77.34375,214,6,5
"burksan01",72.265625,200,6,0
"burleke01",74.21875,205,6,2
"burtode02",76.5625,245,6,5
"butleca01",78.515625,228,6,7
"butleja01",81.25,250,6,9
"butleji01",79.296875,232,6,7
"butlera01",78.515625,215,6,7
"buyckdw01",74.21875,190,6,2
"byarsde01",78.515625,220,6,7
"bynuman01",83.203125,285,6,11
"bynumwi01",71.484375,185,5,11
"cabarza01",82.421875,235,6,10
"cabocbr01",80.46875,218,6,8
"calatni01",77.34375,213,6,5
"caldejo01",74.21875,200,6,2
"caldwke01",76.5625,205,6,5
"cambyma01",82.421875,220,6,10
"campbel01",82.421875,215,6,10
"canaais01",71.484375,201,5,11
"capelca01",81.25,240,6,9
"caracde01",80.46875,275,6,8
"cardibr01",79.296875,245,6,7
"carlige01",74.21875,180,6,2
"carnero01",78.515625,205,6,7
"carrode01",79.296875,215,6,7
"carroma01",77.34375,212,6,5
"cartean01",72.265625,190,6,0
"carteje01",73.4375,196,6,1
"cartemi01",77.34375,190,6,5
"cartevi01",77.34375,220,6,5
"cartewe01",81.25,255,6,9
"carusal01",76.5625,186,6,5
"cassesa01",74.21875,185,6,2
"casspom01",80.46875,225,6,8
"catoke01",82.421875,255,6,10
"caulewi01",83.203125,240,6,11
"caupatr01",75.390625,210,6,3
"cavanty01",80.46875,238,6,8
"chalmli01",71.484375,180,5,11
"chalmma01",73.4375,190,6,1
"chandty01",84.375,240,7,0
"chandwi01",80.46875,225,6,8
"chealjo01",74.21875,190,6,2
"cheanca01",78.515625,209,6,7
"cherrwi01",71.484375,185,5,11
"childjo01",79.296875,210,6,7
"chiozch01",71.484375,176,5,11
"chrisdi01",76.5625,205,6,5
"chrisdo01",77.34375,200,6,5
"chrisma01",81.25,240,6,9
"chrispa01",76.5625,209,6,5
"chrisra01",80.46875,250,6,8
"chrisse01",74.21875,190,6,2
"clarkco01",78.515625,232,6,7
"clarkea01",81.25,225,6,9
"clarkga01",79.296875,225,6,7
"clarkia01",74.21875,175,6,2
"clarkjo01",76.5625,194,6,5
"clavegi01",75.390625,185,6,3
"clavevi01",80.46875,224,6,8
"claxtsp01",70.3125,166,5,10
"cleavma01",73.4375,205,6,1
"clevean01",77.34375,195,6,5
"colemde01",81.25,230,6,9
"coleno01",73.4375,175,6,1
"collida01",71.484375,175,5,11
"collija02",83.203125,260,6,11
"collija03",82.421875,255,6,10
"collija04",83.203125,255,6,11
"collijo01",81.25,235,6,9
"colliky01",77.34375,210,6,5
"collima01",77.34375,220,6,5
"collini01",81.25,255,6,9
"collish01",70.3125,205,5,10
"colliza01",83.203125,235,6,11
"colsobo01",77.34375,224,6,5
"conlemi01",72.265625,175,6,0
"connapa01",75.390625,209,6,3
"conrowi01",73.4375,195,6,1
"cookbr01",80.46875,234,6,8
"cookda02",76.5625,205,6,5
"cookech01",76.5625,196,6,5
"cookom01",72.265625,190,6,0
"cookqu01",73.4375,179,6,1
"cooleja01",80.46875,260,6,8
"copelch01",80.46875,239,6,8
"costema01",80.46875,245,6,8
"cottobr01",72.265625,165,6,0
"couside01",82.421875,270,6,10
"cousima01",82.421875,245,6,10
"covinro01",80.46875,225,6,8
"crabbal01",77.34375,212,6,5
"craigto01",78.515625,215,6,7
"crawfja01",76.5625,185,6,5
"crawfjo01",76.5625,210,6,5
"crawfjo02",75.390625,195,6,3
"creekmi01",76.5625,216,6,5
"crittja01",76.5625,200,6,5
"croshau01",80.46875,235,6,8
"crowdja01",77.34375,235,6,5
"cunnida01",79.296875,230,6,7
"cunnija01",75.390625,195,6,3
"curryed01",83.203125,295,6,11
"curryja01",74.21875,190,6,2
"currymi01",76.5625,210,6,5
"curryse01",73.4375,185,6,1
"curryst01",74.21875,190,6,2
"dalemsa01",82.421875,255,6,10
"dampier01",82.421875,265,6,10
"daniean01",75.390625,195,6,3
"danieer01",79.296875,214,6,7
"daniema01",77.34375,200,6,5
"danietr01",75.390625,205,6,3
"datomlu01",79.296875,215,6,7
"davidje01",81.25,230,6,9
"daviebr01",81.25,240,6,9
"davisan01",80.46875,215,6,8
"davisan02",81.25,253,6,9
"davisba01",74.21875,209,6,2
"davisda01",82.421875,230,6,10
"davisde01",82.421875,237,6,10
"davised01",81.25,225,6,9
"davisgl01",80.46875,289,6,8
"davisjo02",79.296875,235,6,7
"davispa01",82.421875,270,6,10
"davisri01",77.34375,195,6,5
"davisty01",81.25,266,6,9
"dawkian01",76.5625,215,6,5
"dawsobr01",77.34375,225,6,5
"dawsoer01",80.46875,250,6,8
"dayeau01",82.421875,220,6,10
"declean01",81.25,230,6,9
"decolna01",76.5625,200,6,5
"dedmode01",83.203125,245,6,11
"dejeabr01",77.34375,209,6,5
"dekkesa01",80.46875,230,6,8
"delanma01",74.21875,190,6,2
"delfica01",77.34375,230,6,5
"delgaan01",81.25,245,6,9
"delkto01",72.265625,189,6,0
"dellama01",75.390625,200,6,3
"denglu01",80.46875,237,6,8
"dentmju01",70.3125,185,5,10
"derozde01",78.515625,220,6,7
"derrima01",78.515625,249,6,7
"diallch01",80.46875,220,6,8
"diallha01",76.5625,198,6,5
"diawaya01",78.515625,225,6,7
"diawbo01",79.296875,250,6,7
"diazgu01",73.4375,192,6,1
"dickada01",71.484375,190,5,11
"dickeka01",79.296875,215,6,7
"dienetr01",72.265625,175,6,0
"dienggo01",82.421875,252,6,10
"dinwisp01",77.34375,210,6,5
"dioguik01",79.296875,250,6,7
"diopde01",83.203125,300,6,11
"divacvl01",84.375,243,7,0
"divindo01",75.390625,203,6,3
"dixonju01",74.21875,164,6,2
"doleami01",82.421875,262,6,10
"doncilu01",78.515625,218,6,7
"doolike01",74.21875,196,6,2
"dorsejo01",79.296875,268,6,7
"dorsety01",76.5625,183,6,5
"dotsoda01",77.34375,210,6,5
"doubyqu01",74.21875,175,6,2
"douglch01",78.515625,200,6,7
"douglto01",73.4375,195,6,1
"dowdeza01",74.21875,191,6,2
"doylemi01",75.390625,185,6,3
"doziepj01",77.34375,205,6,5
"dragigo01",74.21875,190,6,2
"dragizo01",76.5625,200,6,5
"drewla02",73.4375,180,6,1
"drobnpr01",82.421875,270,6,10
"drumman01",82.421875,279,6,10
"dudleja01",78.515625,237,6,7
"duhonch01",72.265625,185,6,0
"dukandu01",80.46875,220,6,8
"duncati01",82.421875,250,6,10
"dunlemi02",80.46875,230,6,8
"dunnkr01",75.390625,205,6,3
"duprero01",78.515625,209,6,7
"duranke01",80.46875,240,6,8
"duvaltr01",73.4375,189,6,1
"dysonje01",74.21875,180,6,2
"earlycl01",79.296875,210,6,7
"ebankde01",80.46875,215,6,8
"ebind01",80.46875,200,6,8
"eddieja01",78.515625,218,6,7
"edwarco01",80.46875,275,6,8
"edwarjo01",83.203125,275,6,11
"edwarsh01",78.515625,220,6,7
"edwarvi01",79.296875,225,6,7
"eisleho01",73.4375,177,6,1
"ekeziob01",80.46875,270,6,8
"ellenhe01",82.421875,245,6,10
"ellinwa01",76.5625,200,6,5
"ellismo01",74.21875,185,6,2
"elsonfr01",83.203125,235,6,11
"elyme01",81.25,260,6,9
"embiijo01",83.203125,250,6,11
"emmetan01",76.5625,230,6,5
"engliki01",77.34375,200,6,5
"ennisja01",78.515625,210,6,7
"ennisty01",74.21875,194,6,2
"erdense01",83.203125,240,6,11
"eubandr01",81.25,245,6,9
"evansja01",71.484375,185,5,11
"evansja02",77.34375,210,6,5
"evansje01",80.46875,200,6,8
"evansma01",76.5625,220,6,5
"evansre01",79.296875,245,6,7
"evansty01",77.34375,220,6,5
"ewingda01",74.21875,185,6,2
"ewingpa02",79.296875,235,6,7
"exumda01",77.34375,190,6,5
"eyengch01",76.5625,210,6,5
"ezelife01",82.421875,255,6,10
"farieke01",79.296875,220,6,7
"farmajo01",73.4375,180,6,1
"farmede01",76.5625,220,6,5
"favervi01",82.421875,260,6,10
"favorde01",81.25,265,6,9
"fazekni01",82.421875,235,6,10
"feldeka01",68.359375,176,5,8
"feliccr01",81.25,265,6,9
"felixca01",77.34375,201,6,5
"felixno01",80.46875,225,6,8
"feltora01",72.265625,205,6,0
"fergute01",78.515625,190,6,7
"fernaru01",77.34375,185,6,5
"ferreyo01",71.484375,180,5,11
"fesenky01",84.375,288,7,0
"fieldla01",78.515625,210,6,7
"finlemi01",78.515625,215,6,7
"finnedo01",79.296875,220,6,7
"fishede01",72.265625,200,6,0
"fitchge01",74.21875,188,6,2
"fizerma01",80.46875,262,6,8
"florelu01",73.4375,200,6,1
"flynnjo01",71.484375,185,5,11
"footeje01",83.203125,265,6,11
"forbebr01",74.21875,190,6,2
"forbega01",78.515625,220,6,7
"fordsh02",80.46875,225,6,8
"fordtj01",71.484375,165,5,11
"fortsco01",70.3125,185,5,10
"fortsda01",78.515625,260,6,7
"fosteje01",82.421875,236,6,10
"fournev01",78.515625,205,6,7
"fowlktr01",79.296875,220,6,7
"foxde01",74.21875,175,6,2
"foyera01",75.390625,213,6,3
"foylead01",81.25,250,6,9
"frahmri01",76.5625,210,6,5
"francst01",74.21875,195,6,2
"frankja01",76.5625,191,6,5
"frazime01",77.34375,200,6,5
"fraziti01",72.265625,170,6,0
"fredeji01",73.4375,195,6,1
"freeljo01",81.25,250,6,9
"freijma01",81.25,240,6,9
"fryech01",83.203125,255,6,11
"fultzma01",75.390625,200,6,3
"fundela01",80.46875,230,6,8
"gadzuda01",82.421875,240,6,10
"gaide01",80.46875,250,6,8
"gainere01",77.34375,205,6,5
"gainesu01",72.265625,185,6,0
"gallida01",81.25,225,6,9
"gallola01",73.4375,200,6,1
"garbajo01",80.46875,245,6,8
"garcial01",74.21875,220,6,2
"garcifr01",78.515625,195,6,7
"gardnth01",76.5625,225,6,5
"garinpa01",77.34375,210,6,5
"garneke01",82.421875,240,6,10
"garrebi01",77.34375,213,6,5
"garredi02",75.390625,190,6,3
"garripa01",80.46875,238,6,8
"gasolma01",84.375,255,7,0
"gasolpa01",83.203125,250,6,11
"gayru01",79.296875,230,6,7
"gbinimi01",78.515625,200,6,7
"geeal01",77.34375,225,6,5
"gelabmi01",78.515625,215,6,7
"georgde01",79.296875,220,6,7
"georgma01",76.5625,216,6,5
"georgpa01",80.46875,220,6,8
"gibsoda01",73.4375,190,6,1
"gibsojo01",73.4375,185,6,1
"gibsota01",80.46875,232,6,8
"giddejr01",76.5625,215,6,5
"gildetr01",80.46875,185,6,8
"gilesha01",81.25,240,6,9
"gilgesh01",77.34375,181,6,5
"gilled01",71.484375,190,5,11
"gillke01",76.5625,195,6,5
"ginobma01",77.34375,205,6,5
"giricgo01",77.34375,210,6,5
"gladnmi01",82.421875,220,6,10
"glovedi01",76.5625,228,6,5
"glynian01",84.375,280,7,0
"goberru01",84.375,245,7,0
"goldwan01",72.265625,182,6,0
"gomesry01",78.515625,250,6,7
"goodedr01",81.25,250,6,9
"goodwar01",76.5625,200,6,5
"goodwbr01",73.4375,180,6,1
"gordoaa01",80.46875,220,6,8
"gordobe01",74.21875,200,6,2
"gordodr01",80.46875,245,6,8
"gordoer01",75.390625,215,6,3
"gortama01",82.421875,240,6,10
"goudean01",74.21875,200,6,2
"grahade01",73.4375,185,6,1
"grahajo01",78.515625,225,6,7
"grahast01",77.34375,215,6,5
"grahatr01",76.5625,225,6,5
"grangda01",80.46875,222,6,8
"grantbr01",80.46875,254,6,8
"grantdo01",79.296875,215,6,7
"grantje01",80.46875,220,6,8
"grantje02",75.390625,205,6,3
"grayaa01",83.203125,270,6,11
"grayjo01",72.265625,180,6,0
"greenda02",77.34375,215,6,5
"greende01",78.515625,210,6,7
"greendo01",82.421875,226,6,10
"greendr01",78.515625,230,6,7
"greener01",75.390625,185,6,3
"greenge01",78.515625,205,6,7
"greenja01",80.46875,227,6,8
"greenje02",80.46875,235,6,8
"greenor01",75.390625,208,6,3
"greenta01",71.484375,177,5,11
"greenwi01",75.390625,200,6,3
"greerly01",73.4375,175,6,1
"griffad01",76.5625,217,6,5
"griffbl01",81.25,250,6,9
"griffed01",81.25,220,6,9
"griffta01",78.515625,238,6,7
"grundan01",74.21875,180,6,2
"guglito01",81.25,240,6,9
"gutiejo01",74.21875,191,6,2
"haddaha01",85.15625,254,7,1
"hairsma01",77.34375,220,6,5
"hairspj02",77.34375,230,6,5
"haislma01",81.25,230,6,9
"hallmi01",79.296875,230,6,7
"hamda01",78.515625,220,6,7
"hamilda02",78.515625,195,6,7
"hamiljo02",78.515625,220,6,7
"hamilju01",83.203125,260,6,11
"hamilri01",77.34375,185,6,5
"hamilze01",82.421875,250,6,10
"hammoaj01",83.203125,260,6,11
"handlbe01",81.25,240,6,9
"hannadu01",74.21875,210,6,2
"hansbbe01",74.21875,203,6,2
"hansbty01",80.46875,250,6,8
"haranlu01",79.296875,246,6,7
"hardaan01",78.515625,195,6,7
"hardati02",77.34375,205,6,5
"hardeja01",76.5625,220,6,5
"harklma01",80.46875,220,6,8
"harpeju01",81.25,225,6,9
"harprma01",78.515625,231,6,7
"harrejo01",81.25,275,6,9
"harremo01",79.296875,240,6,7
"harriaa01",77.34375,210,6,5
"harrial01",80.46875,230,6,8
"harrian01",77.34375,213,6,5
"harrida01",83.203125,280,6,11
"harride01",74.21875,185,6,2
"harriel01",79.296875,239,6,7
"harriga01",75.390625,210,6,3
"harrijo01",77.34375,218,6,5
"harriju01",75.390625,180,6,3
"harrilu01",76.5625,190,6,5
"harrima01",76.5625,185,6,5
"harrimi01",77.34375,240,6,5
"harriot01",80.46875,235,6,8
"harrish01",75.390625,190,6,3
"harrite01",76.5625,190,6,5
"harrito02",80.46875,235,6,8
"harteis01",83.203125,249,6,11
"hartja01",74.21875,185,6,2
"hartjo01",76.5625,215,6,5
"harvedo01",79.296875,220,6,7
"hasleud01",79.296875,235,6,7
"hassetr01",76.5625,200,6,5
"hawessp01",84.375,245,7,0
"hayesch01",77.34375,240,6,5
"hayesja01",78.515625,220,6,7
"hayesni01",79.296875,254,6,7
"haywago01",79.296875,225,6,7
"haywala01",77.34375,225,6,5
"haywobr01",83.203125,268,6,11
"headlu01",74.21875,185,6,2
"hearnre01",76.5625,210,6,5
"hendeal01",80.46875,235,6,8
"hendege02",76.5625,215,6,5
"henrymy01",77.34375,210,6,5
"henryxa01",77.34375,220,6,5
"hensojo01",82.421875,219,6,10
"hernaju01",80.46875,230,6,8
"hernawi01",82.421875,240,6,10
"herrmwa01",80.46875,225,6,8
"hezonma01",79.296875,225,6,7
"hibbero01",85.15625,270,7,1
"hicksis01",80.46875,230,6,8
"hicksjj01",80.46875,242,6,8
"hieldbu01",75.390625,214,6,3
"higgico01",76.5625,180,6,5
"highsha01",78.515625,220,6,7
"hilarne01",82.421875,250,6,10
"hillge01",74.21875,188,6,2
"hillgr01",79.296875,225,6,7
"hillida01",77.34375,205,6,5
"hilljo01",81.25,235,6,9
"hillso01",78.515625,225,6,7
"hillst01",83.203125,248,6,11
"hinriki01",75.390625,190,6,3
"hitero01",73.4375,184,6,1
"hobsoda01",78.515625,210,6,7
"hodgeju01",78.515625,210,6,7
"hoibefr01",75.390625,203,6,3
"holcora01",80.46875,225,6,8
"holidaa01",72.265625,185,6,0
"holidjr01",75.390625,205,6,3
"holidju01",77.34375,181,6,5
"hollajo02",76.5625,205,6,5
"holliro01",78.515625,217,6,7
"holliry01",83.203125,240,6,11
"holmeri01",81.25,235,6,9
"honeyty01",79.296875,188,6,7
"hoodro01",79.296875,206,6,7
"hopsosc01",78.515625,204,6,7
"horfoal01",81.25,245,6,9
"hornede01",80.46875,230,6,8
"horryro01",80.46875,220,6,8
"houseda01",78.515625,220,6,7
"houseed01",72.265625,180,6,0
"houstal01",77.34375,200,6,5
"howardw01",82.421875,265,6,10
"howarjo01",78.515625,210,6,7
"howarju01",80.46875,240,6,8
"hudsole01",74.21875,190,6,2
"hudsotr01",72.265625,170,6,0
"huertke01",78.515625,190,6,7
"huertma01",74.21875,200,6,2
"huestjo01",78.515625,230,6,7
"hughela01",76.5625,184,6,5
"hummero01",79.296875,215,6,7
"humphis01",83.203125,255,6,11
"humphkr01",80.46875,235,6,8
"humphry01",79.296875,235,6,7
"huntebr01",78.515625,260,6,7
"huntech01",82.421875,240,6,10
"hunteli01",73.4375,170,6,1
"hunteot01",79.296875,225,6,7
"hunterj01",76.5625,185,6,5
"huntest01",83.203125,220,6,11
"huntevi01",79.296875,208,6,7
"hutchch01",78.515625,197,6,7
"ibakase01",81.25,235,6,9
"iguodan01",77.34375,215,6,5
"ilgauzy01",86.328125,238,7,2
"ilicmi01",84.375,230,7,0
"ilyaser01",81.25,235,6,9
"inglejo01",79.296875,226,6,7
"inglida01",79.296875,246,6,7
"ingraan01",74.21875,190,6,2
"ingrabr01",80.46875,190,6,8
"irvinky01",74.21875,193,6,2
"isaacjo01",81.25,210,6,9
"iversal01",71.484375,165,5,11
"iveyro01",74.21875,200,6,2
"iwundwe01",78.515625,195,6,7
"jackja01",74.21875,200,6,2
"jacksaa01",75.390625,185,6,3
"jacksbo01",72.265625,185,6,0
"jacksce01",74.21875,191,6,2
"jacksda01",80.46875,253,6,8
"jacksde01",72.265625,201,6,0
"jacksfr01",74.21875,205,6,2
"jacksja02",82.421875,242,6,10
"jacksje01",75.390625,204,6,3
"jacksji01",77.34375,220,6,5
"jacksjo02",79.296875,200,6,7
"jacksju01",79.296875,210,6,7
"jackslu02",78.515625,215,6,7
"jacksma02",81.25,270,6,9
"jackspi01",69.53125,180,5,10
"jacksre01",74.21875,208,6,2
"jacksst02",79.296875,218,6,7
"jacobca01",77.34375,215,6,5
"jamesbe01",81.25,240,6,9
"jamesda01",78.515625,225,6,7
"jamesje01",83.203125,300,6,11
"jamesle01",79.296875,250,6,7
"jamesmi01",73.4375,188,6,1
"jamesmi02",72.265625,189,6,0
"jamisan01",79.296875,223,6,7
"jaricma01",78.515625,198,6,7
"jasiksa01",75.390625,195,6,3
"jawaina01",81.25,280,6,9
"jeffeal01",81.25,289,6,9
"jeffeam01",80.46875,222,6,8
"jeffeco01",80.46875,218,6,8
"jeffedo01",76.5625,195,6,5
"jeffeot01",76.5625,200,6,5
"jefferi01",78.515625,233,6,7
"jeffrja01",82.421875,230,6,10
"jenkich01",74.21875,220,6,2
"jenkiho01",72.265625,180,6,0
"jenkijo01",75.390625,215,6,3
"jennibr01",72.265625,170,6,0
"jerebjo01",81.25,231,6,9
"jerregr01",81.25,235,6,9
"jetereu01",70.3125,175,5,10
"jianlyi01",83.203125,240,6,11
"johnsal01",80.46875,240,6,8
"johnsal02",80.46875,212,6,8
"johnsam01",80.46875,240,6,8
"johnsan02",74.21875,190,6,2
"johnsar02",74.21875,195,6,2
"johnsbj01",78.515625,200,6,7
"johnsbr01",81.25,210,6,9
"johnsbr02",81.25,230,6,9
"johnsca01",69.53125,180,5,10
"johnsch03",82.421875,210,6,10
"johnsch04",77.34375,206,6,5
"johnsda03",73.4375,215,6,1
"johnsda04",83.203125,255,6,11
"johnsde03",80.46875,201,6,8
"johnser02",82.421875,245,6,10
"johnsiv01",79.296875,230,6,7
"johnsja01",79.296875,240,6,7
"johnsja02",81.25,221,6,9
"johnsjo02",78.515625,240,6,7
"johnsli01",79.296875,205,6,7
"johnsni01",74.21875,202,6,2
"johnsom01",80.46875,220,6,8
"johnsor01",76.5625,220,6,5
"johnsst04",78.515625,245,6,7
"johnstr01",76.5625,218,6,5
"johnsty01",75.390625,190,6,3
"johnswe01",78.515625,215,6,7
"jokicni01",83.203125,250,6,11
"jonesbo02",78.515625,215,6,7
"jonesda01",74.21875,185,6,2
"jonesda02",77.34375,225,6,5
"jonesda03",83.203125,245,6,11
"jonesde01",79.296875,221,6,7
"jonesde02",78.515625,200,6,7
"jonesdo02",75.390625,215,6,3
"jonesdw02",82.421875,250,6,10
"jonesed02",77.34375,190,6,5
"jonesfr01",75.390625,210,6,3
"jonesja02",79.296875,218,6,7
"jonesja04",78.515625,220,6,7
"jonesje01",76.5625,174,6,5
"jonesju01",79.296875,218,6,7
"joneske01",79.296875,251,6,7
"jonesma03",77.34375,215,6,5
"jonespe01",82.421875,235,6,10
"jonesso01",81.25,230,6,9
"joneste01",80.46875,252,6,8
"jonesty01",73.4375,196,6,1
"jordade01",82.421875,265,6,10
"jordaje01",83.203125,253,6,11
"josepco01",74.21875,193,6,2
"josepkr01",78.515625,210,6,7
"kamanch01",83.203125,265,6,11
"kaminfr01",83.203125,242,6,11
"kanteen01",82.421875,250,6,10
"kaponja01",79.296875,213,6,7
"karasse01",78.515625,208,6,7
"karlco01",76.5625,215,6,5
"kasunma01",84.375,260,7,0
"kaunsa01",82.421875,260,6,10
"kellyry01",82.421875,230,6,10
"kennalu01",76.5625,206,6,5
"kennedj01",77.34375,215,6,5
"khryavi01",80.46875,210,6,8
"kiddgmi01",78.515625,232,6,7
"kiddja01",75.390625,205,6,3
"kilpase01",75.390625,210,6,3
"kingge03",77.34375,225,6,5
"kinseta01",77.34375,185,6,5
"kirilan01",80.46875,220,6,8
"kirkal01",83.203125,245,6,11
"kittlke01",76.5625,179,6,5
"klebima01",82.421875,240,6,10
"kleizli01",79.296875,245,6,7
"knighbr01",69.53125,173,5,10
"knighbr02",71.484375,180,5,11
"knighbr03",74.21875,195,6,2
"knoxke01",80.46875,215,6,8
"korkmfu01",78.515625,190,6,7
"kornelu01",84.375,250,7,0
"korolya01",80.46875,203,6,8
"korveky01",78.515625,212,6,7
"koufoko01",83.203125,245,6,11
"kravtvi01",83.203125,260,6,11
"krstine01",83.203125,240,6,11
"kukocto01",81.25,192,6,9
"kurucro01",80.46875,210,6,8
"kurzro01",80.46875,232,6,8
"kutluib01",77.34375,200,6,5
"kuzmaky01",80.46875,220,6,8
"kuzmimi01",80.46875,215,6,8
"kuzmiog01",84.375,251,7,0
"labissk01",82.421875,235,6,10
"laettch01",82.421875,235,6,10
"lafayol01",73.4375,190,6,1
"lafrera01",82.421875,240,6,10
"lambdo01",75.390625,210,6,3
"lambje01",76.5625,185,6,5
"lampema01",82.421875,275,6,10
"landrca01",80.46875,248,6,8
"landrma01",78.515625,230,6,7
"langfke01",75.390625,215,6,3
"langja01",81.25,285,6,9
"laproni01",75.390625,180,6,3
"larkish01",70.3125,175,5,10
"lasmest01",79.296875,215,6,7
"lauvejo01",82.421875,220,6,10
"lavinza01",76.5625,200,6,5
"lawac01",74.21875,195,6,2
"lawalga01",80.46875,234,6,8
"lawsoty01",70.3125,195,5,10
"laymaja01",80.46875,215,6,8
"leaftj01",81.25,225,6,9
"ledori01",78.515625,195,6,7
"leeco01",76.5625,215,6,5
"leeda02",80.46875,245,6,8
"leeda03",77.34375,210,6,5
"leema01",76.5625,200,6,5
"lemonwa01",74.21875,180,6,2
"lenal01",84.375,250,7,0
"lenarvo01",75.390625,205,6,3
"leonaka01",78.515625,230,6,7
"leoname01",84.375,255,7,0
"leslitr01",75.390625,205,6,3
"leuerjo01",81.25,228,6,9
"leverca01",78.515625,204,6,7
"lewisra02",81.25,215,6,9
"liggide01",77.34375,209,6,5
"lillada01",74.21875,195,6,2
"linje01",74.21875,200,6,2
"livinra01",75.390625,209,6,3
"livinsh01",78.515625,192,6,7
"loftoza01",75.390625,180,6,3
"longsh01",80.46875,255,6,8
"looneke01",80.46875,220,6,8
"lopezbr01",83.203125,270,6,11
"lopezra01",72.265625,170,6,0
"lopezro01",83.203125,275,6,11
"loveke01",81.25,251,6,9
"lowryky01",72.265625,196,6,0
"loydjo01",75.390625,210,6,3
"lucasjo02",70.3125,166,5,10
"lucaska01",72.265625,195,6,0
"luety01",71.484375,175,5,11
"luwawti01",77.34375,210,6,5
"lydonty01",81.25,225,6,9
"lylestr01",81.25,234,6,9
"lynchge01",79.296875,218,6,7
"machasc01",72.265625,205,6,0
"macijar01",75.390625,214,6,3
"macklve01",81.25,227,6,9
"macksh01",74.21875,203,6,2
"maconda01",74.21875,185,6,2
"macurjp01",76.5625,205,6,5
"madsema01",80.46875,240,6,8
"magetjo01",72.265625,160,6,0
"maggeco01",77.34375,218,6,5
"magloja01",82.421875,259,6,10
"mahinia01",82.421875,262,6,10
"majorre01",78.515625,200,6,7
"makerth01",84.375,221,7,0
"marblde01",77.34375,200,6,5
"marbust01",73.4375,180,6,1
"mariosh01",78.515625,220,6,7
"marjabo01",86.328125,290,7,2
"markkla01",83.203125,240,6,11
"markoda01",81.25,225,6,9
"marksse01",81.25,250,6,9
"marshdo01",80.46875,218,6,8
"marshke01",75.390625,200,6,3
"marshra01",80.46875,190,6,8
"martica01",78.515625,220,6,7
"martida01",70.3125,170,5,10
"martija01",81.25,239,6,9
"martike01",80.46875,234,6,8
"martike02",78.515625,199,6,7
"masonde01",78.515625,224,6,7
"masonfr01",70.3125,190,5,10
"masonro01",76.5625,200,6,5
"masseto01",80.46875,220,6,8
"matenya01",79.296875,240,6,7
"mathima01",81.25,230,6,9
"matthwe02",76.5625,220,6,5
"maxieja01",78.515625,260,6,7
"maynoer01",74.21875,175,6,2
"mayooj01",76.5625,210,6,5
"mayse01",80.46875,266,6,8
"mbahalu01",79.296875,230,6,7
"mbengdj01",83.203125,245,6,11
"mcadoja01",80.46875,230,6,8
"mccalra01",74.21875,190,6,2
"mccalta01",76.5625,195,6,5
"mccanra01",75.390625,207,6,3
"mccarwa01",81.25,230,6,9
"mccawpa01",78.515625,185,6,7
"mcclesh01",76.5625,200,6,5
"mccolcj01",74.21875,190,6,2
"mccontj01",73.4375,190,6,1
"mccoyje01",81.25,245,6,9
"mccrach01",76.5625,192,6,5
"mccreer01",79.296875,225,6,7
"mcculch01",82.421875,200,6,10
"mcdankj01",77.34375,205,6,5
"mcderdo01",79.296875,225,6,7
"mcdyean01",80.46875,220,6,8
"mcfariv01",79.296875,240,6,7
"mcgarmi01",81.25,255,6,9
"mcgeeja01",83.203125,270,6,11
"mcgratr01",79.296875,210,6,7
"mcgruro01",75.390625,200,6,3
"mcguido01",80.46875,220,6,8
"mcinnje01",75.390625,190,6,3
"mckieaa01",76.5625,209,6,5
"mckinal01",79.296875,215,6,7
"mckintr01",76.5625,214,6,5
"mclembe01",76.5625,201,6,5
"mcleoke01",73.4375,188,6,1
"mcneaje01",74.21875,200,6,2
"mcraejo01",76.5625,179,6,5
"mcrobjo01",81.25,240,6,9
"medvest01",81.25,250,6,9
"meeksjo01",75.390625,210,6,3
"mejrisa01",85.15625,235,7,1
"mekelga01",74.21875,191,6,2
"melofa01",83.203125,255,6,11
"meltode01",75.390625,200,6,3
"mensapo01",80.46875,240,6,8
"mercero01",78.515625,210,6,7
"metuch01",81.25,225,6,9
"mickejo01",79.296875,235,6,7
"middlkh01",79.296875,222,6,7
"mihmch01",83.203125,265,6,11
"milesaa01",72.265625,175,6,0
"milescj01",77.34375,220,6,5
"milesda01",80.46875,210,6,8
"milicda01",83.203125,250,6,11
"millean01",80.46875,225,6,8
"millean02",74.21875,200,6,2
"millebr01",82.421875,244,6,10
"milleda01",79.296875,225,6,7
"millema01",78.515625,210,6,7
"millemi01",79.296875,218,6,7
"millequ01",80.46875,210,6,8
"millere01",78.515625,185,6,7
"millsel01",77.34375,225,6,5
"millspa01",79.296875,246,6,7
"millspa02",71.484375,180,5,11
"miltosh01",77.34375,207,6,5
"mingya01",89.453125,310,7,5
"mirotni01",81.25,250,6,9
"mitchdo01",74.21875,215,6,2
"mitchto02",79.296875,235,6,7
"mitchto03",77.34375,216,6,5
"mitrona01",75.390625,218,6,3
"moblecu01",75.390625,190,6,3
"mohamna01",81.25,221,6,9
"moisoje01",81.25,235,6,9
"moniase01",79.296875,220,6,7
"monkma01",74.21875,200,6,2
"monrogr01",82.421875,265,6,10
"montelu01",78.515625,185,6,7
"moonja01",79.296875,205,6,7
"moorebe01",79.296875,220,6,7
"mooreet01",75.390625,191,6,3
"mooremi01",82.421875,225,6,10
"moreler01",81.25,238,6,9
"morriad01",79.296875,205,6,7
"morrida01",75.390625,190,6,3
"morrija01",76.5625,185,6,5
"morrima02",81.25,245,6,9
"morrima03",80.46875,235,6,8
"morrimo01",74.21875,175,6,2
"morrira01",81.25,266,6,9
"morrite01",80.46875,221,6,8
"morroan01",76.5625,210,6,5
"motiedo01",83.203125,222,6,11
"motlejo01",81.25,230,6,9
"moultar01",82.421875,249,6,10
"mournal01",81.25,240,6,9
"mozgoti01",84.375,275,7,0
"mudiaem01",76.5625,200,6,5
"muhamsh01",77.34375,223,6,5
"mulleby01",83.203125,275,6,11
"munfoxa02",73.4375,180,6,1
"murpher01",81.25,230,6,9
"murphke01",76.5625,185,6,5
"murphtr01",82.421875,245,6,10
"murrade01",76.5625,170,6,5
"murraja01",75.390625,207,6,3
"murrala01",78.515625,236,6,7
"murraro01",75.390625,190,6,3
"murryto01",76.5625,195,6,5
"musadz01",80.46875,208,6,8
"muscami01",82.421875,240,6,10
"mutomdi01",85.15625,245,7,1
"mykhasv01",79.296875,205,6,7
"nachbbo01",80.46875,221,6,8
"naderab01",77.34375,225,6,5
"nailole01",80.46875,238,6,8
"najered01",79.296875,240,6,7
"nancela02",80.46875,230,6,8
"napiesh01",72.265625,180,6,0
"nashst01",74.21875,195,6,2
"navarju01",74.21875,170,6,2
"ndiayha01",83.203125,235,6,11
"ndiayma02",83.203125,255,6,11
"ndongbo01",83.203125,198,6,11
"ndourma01",80.46875,200,6,8
"nealga01",75.390625,210,6,3
"nedovne01",74.21875,192,6,2
"nelsode01",75.390625,200,6,3
"nelsoja01",71.484375,190,5,11
"nestera01",83.203125,248,6,11
"netora01",72.265625,179,6,0
"newblir01",78.515625,220,6,7
"niangge01",79.296875,230,6,7
"nichoan01",80.46875,250,6,8
"nichode01",79.296875,216,6,7
"noahjo01",82.421875,230,6,10
"nocioan01",78.515625,225,6,7
"noelda01",77.34375,230,6,5
"noelne01",82.421875,220,6,10
"noguelu01",83.203125,241,6,11
"norrimo01",72.265625,175,6,0
"novakst01",81.25,225,6,9
"nowitdi01",83.203125,245,6,11
"ntilila01",77.34375,200,6,5
"nunnaja01",78.515625,208,6,7
"nurkiju01",83.203125,275,6,11
"nwabada01",75.390625,219,6,3
"obertfa01",81.25,245,6,9
"obriejj01",78.515625,228,6,7
"obryajo01",80.46875,257,6,8
"obryapa01",83.203125,260,6,11
"ochefda01",82.421875,245,6,10
"odengr01",83.203125,250,6,11
"odomla01",81.25,220,6,9
"ohlbrti01",82.421875,255,6,10
"ojelese01",78.515625,241,6,7
"okafoem01",81.25,252,6,9
"okafoja01",82.421875,275,6,10
"okoboel01",74.21875,190,6,2
"okogijo01",75.390625,212,6,3
"okurme01",82.421875,249,6,10
"oladivi01",75.390625,210,6,3
"ollieke01",75.390625,195,6,3
"olowomi01",83.203125,269,6,11
"olynyke01",83.203125,240,6,11
"onealje01",82.421875,226,6,10
"onealro01",77.34375,226,6,5
"onealsh01",84.375,325,7,0
"onuakar01",80.46875,255,6,8
"onuakch01",81.25,245,6,9
"oquinky01",81.25,250,6,9
"ortonda01",81.25,255,6,9
"osmande01",79.296875,215,6,7
"ostergr01",85.15625,280,7,1
"oubreke01",78.515625,205,6,7
"outlabo01",79.296875,210,6,7
"outlatr01",80.46875,210,6,8
"owensan01",75.390625,200,6,3
"owensla01",78.515625,210,6,7
"pachuza01",82.421875,270,6,10
"padgesc01",80.46875,240,6,8
"paigema01",72.265625,175,6,0
"palacmi01",74.21875,195,6,2
"papagge01",84.375,240,7,0
"papanko01",79.296875,225,6,7
"pargoja01",72.265625,175,6,0
"pargoje01",73.4375,219,6,1
"parkean01",77.34375,215,6,5
"parkeja01",79.296875,245,6,7
"parkesm01",75.390625,190,6,3
"parketo01",73.4375,185,6,1
"parsoch01",81.25,230,6,9
"pattela01",76.5625,225,6,5
"pattepa01",80.46875,230,6,8
"patteru01",76.5625,224,6,5
"pattoju01",83.203125,241,6,11
"paulbr01",75.390625,200,6,3
"paulch01",71.484375,175,5,11
"pavloal01",79.296875,220,6,7
"paynead01",81.25,237,6,9
"payneca01",74.21875,190,6,2
"paytoel01",75.390625,185,6,3
"paytoga01",75.390625,180,6,3
"paytoga02",74.21875,190,6,2
"pecheol01",83.203125,232,6,11
"peelean01",75.390625,208,6,3
"pekovni01",82.421875,307,6,10
"pendeje02",80.46875,240,6,8
"penneki01",76.5625,220,6,5
"perkike01",81.25,270,6,9
"perovko01",85.15625,240,7,1
"perralo01",73.4375,200,6,1
"persowe01",77.34375,195,6,5
"peteral01",80.46875,232,6,8
"petermo01",78.515625,218,6,7
"petrojo01",83.203125,247,6,11
"piatker01",78.515625,215,6,7
"piercpa01",78.515625,235,6,7
"pietrmi01",77.34375,215,6,5
"pinknke01",81.25,245,6,9
"pinsoth01",77.34375,218,6,5
"pittmde01",82.421875,308,6,10
"planizo01",78.515625,195,6,7
"pleisti01",86.328125,256,7,2
"plumlma01",82.421875,235,6,10
"plumlma02",83.203125,250,6,11
"plumlmi01",82.421875,249,6,10
"podkopa01",88.28125,260,7,4
"poeltja01",83.203125,230,6,11
"pollasc01",82.421875,265,6,10
"pondequ01",78.515625,230,6,7
"popema01",81.25,235,6,9
"porteot01",79.296875,198,6,7
"portibo01",82.421875,250,6,10
"porzikr01",86.328125,240,7,2
"poseyja01",79.296875,215,6,7
"potapvi01",81.25,280,6,9
"poweldw01",82.421875,240,6,10
"powele01",79.296875,240,6,7
"poweljo01",80.46875,225,6,8
"powelka01",78.515625,215,6,7
"powelno01",75.390625,215,6,3
"powelro01",77.34375,235,6,5
"poythal01",80.46875,235,6,8
"pressph01",70.3125,175,5,10
"priceaj01",73.4375,181,6,1
"pricero01",73.4375,190,6,1
"prigipa01",74.21875,185,6,2
"princta01",80.46875,212,6,8
"princta02",79.296875,220,6,7
"profila01",76.5625,204,6,5
"pruitga01",75.390625,170,6,3
"przybjo01",84.375,255,7,0
"pulleja01",72.265625,200,6,0
"purviro01",75.390625,205,6,3
"qizh01",84.375,210,7,0
"quartti01",77.34375,195,6,5
"quinnch01",73.4375,185,6,1
"rabbiv01",81.25,220,6,9
"radmavl01",81.25,227,6,9
"radojal01",86.328125,250,7,2
"radulmi01",83.203125,250,6,11
"ramospe01",86.328125,275,7,2
"randlch01",73.4375,185,6,1
"randlju01",80.46875,250,6,8
"randoan01",81.25,205,6,9
"randosh01",81.25,240,6,9
"randoza01",80.46875,250,6,8
"rathaxa01",75.390625,208,6,3
"ratlith01",81.25,225,6,9
"rautian01",75.390625,190,6,3
"rayal01",73.4375,190,6,1
"rebraze01",83.203125,257,6,11
"reddmi01",77.34375,220,6,5
"redicjj01",75.390625,200,6,3
"reedda01",76.5625,208,6,5
"reedju01",79.296875,240,6,7
"reedwi02",81.25,220,6,9
"reidry01",79.296875,232,6,7
"reineja01",82.421875,255,6,10
"reynoca01",79.296875,225,6,7
"ricegl02",77.34375,206,6,5
"richach01",80.46875,270,6,8
"richaja01",77.34375,220,6,5
"richaje01",77.34375,185,6,5
"richajo01",77.34375,200,6,5
"richama01",77.34375,205,6,5
"richaqu01",77.34375,223,6,5
"ridnolu01",73.4375,175,6,1
"riverau01",75.390625,200,6,3
"roberan02",73.4375,180,6,1
"roberan03",78.515625,210,6,7
"roberbr01",72.265625,173,6,0
"roberla01",80.46875,240,6,8
"robinbe01",77.34375,210,6,5
"robincl02",81.25,225,6,9
"robinde01",79.296875,200,6,7
"robindu01",79.296875,210,6,7
"robingl01",78.515625,225,6,7
"robingl02",77.34375,222,6,5
"robinje01",76.5625,190,6,5
"robinmi01",84.375,240,7,0
"robinna01",68.359375,180,5,8
"robinth01",81.25,237,6,9
"rodrise01",74.21875,176,6,2
"rogerro01",78.515625,235,6,7
"rondora01",72.265625,186,6,0
"rosede01",74.21875,200,6,2
"roseja01",79.296875,210,6,7
"rosema01",78.515625,250,6,7
"rossqu01",77.34375,195,6,5
"rosste01",78.515625,206,6,7
"roybr01",77.34375,215,6,5
"roziete01",72.265625,190,6,0
"rubiori01",75.390625,190,6,3
"rudezda01",81.25,228,6,9
"ruffimi01",80.46875,246,6,8
"rushbr01",77.34375,220,6,5
"rushka01",77.34375,215,6,5
"russebr01",78.515625,225,6,7
"russeda01",76.5625,198,6,5
"russewa02",71.484375,170,5,11
"sabondo01",82.421875,240,6,10
"sacrero01",83.203125,270,6,11
"salmojo01",78.515625,210,6,7
"sambch01",84.375,245,7,0
"sampsbr01",76.5625,184,6,5
"sampsja01",82.421875,235,6,10
"sampsja02",80.46875,214,6,8
"samuesa01",80.46875,260,6,8
"sandela01",82.421875,235,6,10
"sandeme01",76.5625,210,6,5
"santida01",84.375,256,7,0
"saricda01",81.25,223,6,9
"satorto01",78.515625,210,6,7
"scalabr01",80.46875,241,6,8
"scaleal01",75.390625,185,6,3
"schenlu01",84.375,255,7,0
"schrode01",72.265625,172,6,0
"scolalu01",80.46875,240,6,8
"scottmi01",79.296875,237,6,7
"sefolth01",78.515625,220,6,7
"selbyjo01",73.4375,183,6,1
"seldewa01",76.5625,230,6,5
"senesa01",82.421875,230,6,10
"serapke01",80.46875,285,6,8
"sesayan01",80.46875,225,6,8
"sessira01",74.21875,190,6,2
"seungha01",86.328125,305,7,2
"sextoco01",73.4375,190,6,1
"shakumu01",74.21875,190,6,2
"shamela01",76.5625,188,6,5
"sharpwa01",80.46875,245,6,8
"shengto01",80.46875,217,6,8
"shirlpa01",81.25,230,6,9
"shumpim01",76.5625,215,6,5
"shvedal01",77.34375,190,6,5
"siakapa01",80.46875,230,6,8
"siberjo01",75.390625,187,6,3
"silasxa01",76.5625,205,6,5
"silerga01",82.421875,305,6,10
"simiewa01",80.46875,255,6,8
"simmobe01",81.25,230,6,9
"simmobo01",78.515625,210,6,7
"simmoce01",80.46875,235,6,8
"simmojo02",77.34375,195,6,5
"simmoko01",76.5625,166,6,5
"simonan01",75.390625,185,6,3
"simsco01",81.25,245,6,9
"simshe01",81.25,248,6,9
"singlch01",79.296875,230,6,7
"singlja01",79.296875,216,6,7
"singlky01",79.296875,228,6,7
"singlse01",71.484375,185,5,11
"sivape01",71.484375,185,5,11
"skinnbr01",80.46875,255,6,8
"slayta01",79.296875,215,6,7
"sloando01",74.21875,205,6,2
"slokaur01",81.25,238,6,9
"smartma01",75.390625,220,6,3
"smithch04",75.390625,194,6,3
"smithch05",73.4375,200,6,1
"smithcr01",78.515625,250,6,7
"smithde03",74.21875,195,6,2
"smithdo04",78.515625,215,6,7
"smithgr02",81.25,250,6,9
"smithis01",71.484375,175,5,11
"smithja01",82.421875,250,6,10
"smithja02",83.203125,240,6,11
"smithje01",73.4375,190,6,1
"smithjo02",81.25,225,6,9
"smithjo03",80.46875,225,6,8
"smithjr01",77.34375,225,6,5
"smithno01",73.4375,185,6,1
"smithru01",71.484375,165,5,11
"smithst01",78.515625,200,6,7
"smithst03",79.296875,235,6,7
"smithth01",79.296875,225,6,7
"smithzh01",75.390625,199,6,3
"snellto01",78.515625,213,6,7
"snower01",74.21875,190,6,2
"snydeki01",77.34375,225,6,5
"solomwi01",72.265625,185,6,0
"songada01",80.46875,248,6,8
"southja01",79.296875,215,6,7
"sowpa01",81.25,250,6,9
"spaldra01",81.25,215,6,9
"spanova01",75.390625,195,6,3
"speigma01",81.25,255,6,9
"spellom01",80.46875,245,6,8
"splitti01",82.421875,245,6,10
"sprewla01",76.5625,190,6,5
"stackje01",77.34375,218,6,5
"stausni01",77.34375,205,6,5
"stephal01",81.25,270,6,9
"stephdj01",76.5625,188,6,5
"stephla01",77.34375,230,6,5
"stevede01",76.5625,210,6,5
"stewami01",81.25,230,6,9
"stiemgr01",82.421875,260,6,10
"stockda01",70.3125,165,5,10
"stojape01",80.46875,220,6,8
"stokeja01",80.46875,263,6,8
"stonedi01",82.421875,255,6,10
"stoneju01",77.34375,200,6,5
"storeaw01",77.34375,222,6,5
"stoudam01",81.25,245,6,9
"stoudda01",69.53125,171,5,10
"stoudsa01",72.265625,179,6,0
"strawdj01",76.5625,201,6,5
"stricer01",74.21875,210,6,2
"stricro02",74.21875,175,6,2
"stuckro01",76.5625,210,6,5
"sullija01",80.46875,260,6,8
"summeda01",79.296875,230,6,7
"sumneed01",77.34375,176,6,5
"sundobr01",85.15625,220,7,1
"surabo01",76.5625,200,6,5
"swanica01",80.46875,250,6,8
"sweetmi01",79.296875,275,6,7
"swiftro01",83.203125,245,6,11
"swiftst01",80.46875,225,6,8
"sypa01",78.515625,225,6,7
"szczewa02",78.515625,244,6,7
"tabusyu01",68.359375,165,5,8
"taftch01",81.25,260,6,9
"tatumja01",79.296875,208,6,7
"tavarwa01",86.328125,260,7,2
"taylodo01",77.34375,180,6,5
"taylois01",74.21875,170,6,2
"tayloje02",75.390625,210,6,3
"tayloje03",78.515625,225,6,7
"tayloma01",80.46875,260,6,8
"taylomi01",73.4375,165,6,1
"tayloty01",74.21875,185,6,2
"teaguje01",73.4375,195,6,1
"teaguma01",73.4375,189,6,1
"teletmi01",80.46875,242,6,8
"telfase01",71.484375,165,5,11
"templga01",77.34375,195,6,5
"teodomi01",76.5625,196,6,5
"terreja01",74.21875,227,6,2
"terryem01",80.46875,220,6,8
"terryja01",73.4375,185,6,1
"thabeha01",86.328125,263,7,2
"theisda01",79.296875,243,6,7
"thomaad01",78.515625,200,6,7
"thomabi01",75.390625,208,6,3
"thomaet01",80.46875,256,6,8
"thomais02",68.359375,185,5,8
"thomaja02",79.296875,235,6,7
"thomajo02",80.46875,265,6,8
"thomake01",78.515625,261,6,7
"thomakh01",74.21875,210,6,2
"thomaku01",80.46875,230,6,8
"thomala01",79.296875,240,6,7
"thomama01",80.46875,225,6,8
"thomati01",81.25,230,6,9
"thomaty01",80.46875,215,6,8
"thompdi01",78.515625,195,6,7
"thompho01",79.296875,206,6,7
"thompja02",82.421875,250,6,10
"thompkl01",78.515625,215,6,7
"thompmy02",77.34375,211,6,5
"thomptr01",81.25,238,6,9
"thomptr02",81.25,245,6,9
"thornal01",79.296875,220,6,7
"thornma01",75.390625,205,6,3
"thornsi01",76.5625,215,6,5
"tinslja01",74.21875,195,6,2
"tobeymi01",83.203125,260,6,11
"tollian01",79.296875,250,6,7
"toupaax01",78.515625,197,6,7
"townska01",83.203125,248,6,11
"traylro01",79.296875,284,6,7
"trentga02",77.34375,205,6,5
"trieral01",76.5625,200,6,5
"tsakaja01",85.15625,285,7,1
"tskitni01",83.203125,225,6,11
"tuckeal02",77.34375,205,6,5
"tuckepj01",77.34375,245,6,5
"turiaro01",81.25,249,6,9
"turkohe01",81.25,220,6,9
"turneev01",78.515625,220,6,7
"turnemy01",82.421875,250,6,10
"tylerje01",81.25,260,6,9
"ubileed01",77.34375,204,6,5
"udohek01",81.25,245,6,9
"udokaim01",77.34375,215,6,5
"udrihbe01",74.21875,205,6,2
"ukicro01",76.5625,183,6,5
"ulisty01",69.53125,160,5,10
"uthofja01",80.46875,221,6,8
"uzohbe01",74.21875,205,6,2
"valanjo01",83.203125,265,6,11
"valende01",77.34375,210,6,5
"vandeja01",80.46875,214,6,8
"vanexni01",72.265625,170,6,0
"vanhoke01",81.25,220,6,9
"vanvlfr01",71.484375,195,5,11
"varejan01",81.25,273,6,9
"varnaja01",80.46875,230,6,8
"vasqugr01",77.34375,217,6,5
"vaughja01",72.265625,190,6,0
"vaughra01",77.34375,202,6,5
"veselja01",82.421875,240,6,10
"villach01",82.421875,232,6,10
"vincima01",79.296875,225,6,7
"vonleno01",80.46875,250,6,8
"voskuja01",82.421875,245,6,10
"vromaja01",81.25,220,6,9
"vucevni01",83.203125,260,6,11
"vujacsa01",78.515625,195,6,7
"wadedw01",75.390625,220,6,3
"wafervo01",76.5625,210,6,5
"wagneda02",73.4375,200,6,1
"wagnemo01",82.421875,245,6,10
"waitedi01",75.390625,215,6,3
"walkean02",79.296875,224,6,7
"walkebi01",77.34375,220,6,5
"walkeke02",72.265625,184,6,0
"walkelo01",76.5625,205,6,5
"walkesa01",80.46875,240,6,8
"wallabe01",80.46875,240,6,8
"wallage01",78.515625,215,6,7
"wallara01",81.25,225,6,9
"wallaty01",76.5625,198,6,5
"walljo01",75.390625,210,6,3
"walshma01",77.34375,205,6,5
"waltode01",72.265625,189,6,0
"waltolu01",79.296875,235,6,7
"wanambr01",75.390625,210,6,3
"wardch01",73.4375,190,6,1
"wareca01",69.53125,175,5,10
"warneja01",79.296875,260,6,7
"warretj01",79.296875,215,6,7
"warrewi01",75.390625,203,6,3
"warriha01",80.46875,219,6,8
"washbju01",79.296875,210,6,7
"washida01",73.4375,195,6,1
"watanyu01",80.46875,205,6,8
"watkida01",82.421875,258,6,10
"watsocj01",73.4375,175,6,1
"watsoea01",72.265625,195,6,0
"waynsma01",73.4375,200,6,1
"wearda01",81.25,230,6,9
"weartr01",81.25,230,6,9
"weathcl01",77.34375,240,6,5
"weaveky01",77.34375,201,6,5
"webbech01",80.46875,245,6,8
"webbja01",80.46875,202,6,8
"weberbr01",73.4375,165,6,1
"webstma02",78.515625,230,6,7
"weemsso01",77.34375,205,6,5
"wellsbo01",76.5625,210,6,5
"welscji01",78.515625,208,6,7
"welshth01",83.203125,255,6,11
"wesleda01",71.484375,190,5,11
"westbru01",74.21875,200,6,2
"westda01",80.46875,250,6,8
"westde01",75.390625,180,6,3
"westma02",76.5625,210,6,5
"whalero01",81.25,260,6,9
"whitean01",78.515625,210,6,7
"whitede01",75.390625,190,6,3
"whitedj01",80.46875,251,6,8
"whiteha01",83.203125,265,6,11
"whiteis01",75.390625,213,6,3
"whiteja01",80.46875,290,6,8
"whiteja02",78.515625,200,6,7
"whiteok01",79.296875,205,6,7
"whitero02",80.46875,238,6,8
"whitero03",79.296875,270,6,7
"whittsh01",82.421875,250,6,10
"wiggian01",79.296875,194,6,7
"wilcoch01",81.25,221,6,9
"wilcocj01",76.5625,195,6,5
"wileyja01",78.515625,215,6,7
"wilkida02",77.34375,225,6,5
"wilksmi01",69.53125,185,5,10
"williaa01",80.46875,220,6,8
"willial02",76.5625,185,6,5
"willial03",79.296875,265,6,7
"willicj01",76.5625,226,6,5
"willico02",78.515625,245,6,7
"willide01",74.21875,200,6,2
"willide02",79.296875,240,6,7
"williel01",76.5625,190,6,5
"willier01",79.296875,220,6,7
"willifr02",74.21875,212,6,2
"willija02",72.265625,190,6,0
"willija04",80.46875,218,6,8
"willije01",80.46875,206,6,8
"willijo03",81.25,260,6,9
"willijo04",80.46875,228,6,8
"williju01",81.25,225,6,9
"willike02",83.203125,220,6,11
"willike04",78.515625,210,6,7
"willilo02",72.265625,175,6,0
"willima01",72.265625,198,6,0
"willima02",80.46875,237,6,8
"willima03",74.21875,205,6,2
"willima04",78.515625,205,6,7
"willima05",76.5625,210,6,5
"willire02",77.34375,205,6,5
"williro04",81.25,240,6,9
"willisc01",81.25,230,6,9
"willise01",81.25,235,6,9
"willish01",72.265625,201,6,0
"willish02",80.46875,250,6,8
"willish03",80.46875,225,6,8
"willite01",77.34375,220,6,5
"willitr02",78.515625,218,6,7
"wilsodj01",81.25,231,6,9
"wilsoja02",78.515625,230,6,7
"wiltjky01",81.25,240,6,9
"winslju01",78.515625,225,6,7
"witheje01",83.203125,231,6,11
"woltena01",75.390625,190,6,3
"woodch01",81.25,214,6,9
"woodslo01",84.375,245,7,0
"woodsqy01",79.296875,221,6,7
"wrighan01",78.515625,210,6,7
"wrighbr02",74.21875,210,6,2
"wrighbr03",81.25,210,6,9
"wrighch01",79.296875,226,6,7
"wrighch02",72.265625,210,6,0
"wrighde01",76.5625,183,6,5
"wrighdo01",80.46875,205,6,8
"wrighju01",79.296875,225,6,7
"wrighlo02",82.421875,225,6,10
"wroteto01",77.34375,205,6,5
"yabusgu01",79.296875,260,6,7
"youngja01",77.34375,215,6,5
"youngjo01",73.4375,180,6,1
"youngni01",78.515625,210,6,7
"youngsa01",77.34375,220,6,5
"youngth01",79.296875,221,6,7
"youngtr01",73.4375,180,6,1
"yuesu01",80.46875,205,6,8
"zelleco01",83.203125,240,6,11
"zellelu01",82.421875,245,6,10
"zellety01",83.203125,253,6,11
"zhizhwa01",83.203125,255,6,11
"zimmede01",74.21875,195,6,2
"zimmest01",83.203125,240,6,11
"zipsepa01",79.296875,215,6,7
"zizican01",82.421875,254,6,10
"zubaciv01",84.375,240,7,0
